/*
   INSERCIONES
*/

-- Tabla ‘cliente’ 
INSERT INTO cliente(id_cliente,nombre_cliente, ap_pat_cliente, ap_mat_cliente, tel_cliente)
VALUES
(1,'Yesica','Olmos','Rodriguez',5561151814), (2,'Alejandro','Ramírez','Gutiérrez',5521378906), 
(3,'Hortensia','Albedaño','Cruz',5545082693), 
(4,'Raquel','Rojas','Pérez',5518180936), 
(5,'Ivonne','Maya','Velázquez',5512369451), 
(6,'Rosa María','Gallegos','Lazo',5544368118), 
(7,'Erika','Pelcastre','Esquivel',5598906432), 
(8,'Lesley','Tolentino','de la Cruz',5545659723), (9,'Sarahí','Hernández','Torres',5593615487), 
(10,'Cristina','Fernández','Trejo',5577339234),
(11,'Nancy','Pérez', 'Aguilar',5608977654),
(12,'Rosa Nayelli','Robles','Pérez',5527515525),
(13,'Josefina','Martínez','Pérez',5561181823),
(14,'Abraham','Mendiola','Vázquez',5531631978),
(15,'José','Reyes','Rojas',5578664435),
(16,'Vianey','Viridian','Falcón',5548145409),
(17,'Fernanda','Méndez','Reyes',5638480052),
(18,'Omar','Víquez','Torres',5677121586),
(19,'Carlos','Rodríguez','Ortega',5564042940),
(20,'Luis','González','Maza',5545960753),
(21,'Luisa','González','Mesa',5555960753),
(22,'Carla','González','Mesa',5535960753),
(23,'José Luis','Montañez','Duarte',5560028641),
(24,'Ana María','Bustos','Otero',5508666507),
(25,'Itzel','Peralta','Garica',5545818734),
(26,'Gabriel','Ibarra','Monroy',5598690992),
(27,'Guillermo','Cardenas','Alcántar',5550695639),
(28,'Marisol','Molina','Gaitán',5592015248),
(29,'Oswaldo','Espino','Guillen',5514712451),
(30,'Liliana','Nevárez','Malave',5591180914),
(31,'Adela','Ulloa','Cabrera',5565653774),
(32,'Joaquín','Gollum','Valentín',5597648424),
(33,'Alma','Duarte','Garica',5566117785),
(34,'Iván','Carreón','Tapia',5590520643),
(35,'Mónica','Longoria','Castañeda',5513587521),
(36,'Mercedes','Suárez','Guillen',5502665028),
(37,'Abel','Curiel','Pedroza',5527513770),
(38,'Darío','Delgado','Moreno',5586538467),
(39,'Cynthia','Paredes','Pabón',5566765864),
(40,'Camila','Ulloa','Pelayo',5526245737),
(41,'Mayte','Montenegro','Cardenas',5563205893),
(42,'Gustavo','Pantoja','Medina',5537984936),
(43,'Angélica','Caballero','Caraballo',5512081092),
(44,'José','Alfaro','Pineda',5590872520),
(45,'Nelly','Meléndez','Villegas',5507763481),
(46,'Manuel','del Río','Llamas',5593056862),
(47,'Cristal','Sánchez','Crespo',5561715027),
(48,'Amanda','Rentería','Rojo',5594844508),
(49,'Citlali','Gollum','Montoya',5587752533),
(50,'Alonso','Benítez','Fuentes',5524668852),
(51,'Ernesto','Muñoz','Godoy',5571115721),
(52,'Gonzalo','Rojas','Páez',5505435733),
(53,'Armando','Tejeda','Pérez',5503023829),
(54,'Rosalia','Saavedra','de la Garza',5541866860),
(55,'Lucía','Gálvez','Montes',5506238454),
(56,'Adalberto','Rodarte','Mota',5535049141),
(57,'Rafaél','Cisneros','Abrego',5591292329),
(58,'Roberto','González','Castellanos',5583649695),
(59,'Dulce','Rodarte','Llamas',5576630926),
(60,'Felipe','Ureña','Benavídez',5580582588),
(61,'Dolores','Cabán','Gálvez',5535748163),
(62,'Aldo','Pulido','Tijerina',5576107702),
(63,'Graciela','Vásquez','Valle',5509193976),
(64,'Laura','Rolón','Nieves',5554492185),
(65,'Dolores','Meléndez','Canales',5525419535),
(66,'Fernando','Vallejo','Olivárez',5524349311),
(67,'Lucas','de Anda','Montes',5534536983),
(68,'Jaqueline','Medina','Cisneros',5568022426),
(69,'Florencia','Reyna','Bernal',5573452491),
(70,'Esther','Bernal','Olivas',5585776639),
(71,'Esparta','Madrigal','Rojo',5569452465),
(72,'José','Valverde','Ramos',5551924221),
(73,'Luz','Espino','Dávila',5519134908),
(74,'José Eduardo','Escobedo','Narváez',5539114367),
(75,'Berta','Garica','Mota',5582351906),
(76,'Mateo','Gurule','Merino',5569188275),
(77,'Javier','Nieves','Trujillo',5517780360),
(78,'Diana','Jaramillo','Barela',5501570161),
(79,'Amador','Fajardo','Pizarro',5593165533),
(80,'Nayeli','Cabrera','Caldera',5569403228),
(81,'Irma','Gálvez','Rivas',5551369473),
(82,'Cornelio','Villaseñor','Arguello',5553804522),
(83,'Claudia','del Río','Apodaca',5584501098),
(84,'Cornelio','Carrillo','Armenta',5557421231),
(85,'Francisco','Flores','Caballero',5528348833),
(86,'Araceli','Palomo','Henríquez',5571279106),
(87,'Oswaldo','Alvarado','Garza',5574323161),
(88,'Alonso','Ramos','Frías',5563030507),
(89,'Zoé','Lucero','Murillo',5510921487),
(90,'Elias','Alejandro','Barela',5529660559),
(91,'Horacio','Porras','Ontiveros',5511203249),
(92,'Mariana','Vela','Gil',5585664883),
(93,'Judith','Lira','Cardona',5546452195),
(94,'Ilse','Cavazos','Gracia',5583793808),
(95,'Alfonso','Centeno','Chavarría',5545199785),
(96,'Catalina','Cisneros','Covarrubias',5500516276),
(97,'Juan','Loera','Nazario',5584775537),
(98,'Alfonso','Vanegas','Marroquín',5568324818),
(99,'Cristobal','Barrios','Rincón',5543015043),
(100,'Ignacio','Carreón','Razo',5539088373),
(101,'Aurelio','Cardona','Jáquez',5513033028),
(102,'Victoria','Loera','Niño',5542678277),
(103,'María Cristina','Valadez','Sáenz',5583226584),
(104,'Jorge Luis','Juárez','Lozada',5547473128),
(105,'Marcos','Guzmán','Parra',5544204924),
(106,'Margarita','Camacho','Chávez',5596396273),
(107,'Rolando','Castellanos','Aragón',5543572177),
(108,'Ramiro','Guerrero','Merino',5574311424),
(109,'Javier','Medrano','Serrano',5527992599),
(110,'Gregorio','Valverde','Alcala',5589090396),
(111,'Marco Antonio','Ocampo','Matías',5586192834),
(112,'Elvira','Menchaca','Burgos',5595941102),
(113,'Teresa','Mayorga','Becerra',5572074318),
(114,'Zeferino','Concepción','Almanza',5508833485),
(115,'Mónica','Bustos','Pedroza',5543337928),
(116,'Emiliano','Paredes','Ornelas',5507586203),
(117,'Cristian','Báez','Verduzco',5508315590),
(118,'Hermelinda','Guajardo','Maestas',5556017949),
(119,'Gonzalo','Regalado','Arroyo',5502681716),
(120,'Espartaco','Adame','Venegas',5520617409),
(121,'Julio','Zamudio','Montañez',5537419582),
(122,'Mariana','Tello','Mesa',5548250494),
(123,'Carla','Iglesias','Nava',5550766526),
(124,'Renato','Corona','Carrera',5511039917),
(125,'Isabel','Zamudio','Aponte',5546580137),
(126,'Maximiliano','Tamayo','Ceballos',5546911203),
(127,'Antonia','Meraz','Pedroza',5544608456),
(128,'Rodrigo','González','Alvarez',5552112427),
(129,'Irma','Cepeda','Henríquez',5596286200),
(130,'Marcos','Bustamante','Serrato',5556960594),
(131,'Angélica','Suárez','Gallegos',5553489567),
(132,'Conchita','Peralta','Ozuna',5530876197),
(133,'Hermelinda','Colón','Casárez',5514227956),
(134,'Sessa','Delgadillo','Mojica',5594458802),
(135,'Rubén','Escalante','Tejada',5512633923),
(136,'Santiago','Valle','Murillo',5531447536),
(137,'Eduardo','Tejada','Quintero',5535099850),
(138,'Serafín','Pelayo','Juárez',5521933596),
(139,'Santiago','Navarro','Valadez',5510868540),
(140,'Sandra','Moreno','Rolón',5525506811),
(141,'Rolando','Alcaraz','Vega',5575306391),
(142,'Mónica','Casanova','Lira',5595931136),
(143,'Eloy','Magaña','Zayas',5560102641),
(144,'Cristina','Cornejo','Parra',5563296869),
(145,'Camila','Ramón','Pacheco',5581012624),
(146,'Carlos','Mondragón','Pabón',5538500554),
(147,'Adán','Mesa','Colón',5556203444),
(148,'Nancy','Ornelas','Vanegas',5531689982),
(149,'Sara','Marroquín','Sisneros',5586153745),
(150,'Emilia','Nevárez','Vanegas',5534261721),
(151,'Gerónimo','Corral','Ulloa',5520619119),
(152,'Elena','Acuña','Quiñones',5522611489),
(153,'Úrsula','Oquendo','Sauceda',5510265752),
(154,'Mauricio','Quiñones','Galván',5530027566),
(155,'Abelardo','Lozada','Puga',5558819617),
(156,'Verónica','Moya','Márquez',5562150935),
(157,'Yeni','Gollum','Bernal',5568477520),
(158,'Barbara','Ulloa','Badillo',5503617055),
(159,'Vicente','Granados','Canales',5500999179),
(160,'María José','Orozco','Godoy',5552281427),
(161,'Karina','Armas','Cazares',5596633484),
(162,'Ofelia','Olivares','Méndez',5578480823),
(163,'Amador','Rosario','Gil',5567055119),
(164,'Rafaél','Casas','Oquendo',5574058893),
(165,'Carolina','Mercado','Pacheco',5576055669),
(166,'Diana','Montenegro','Campos',5502842614),
(167,'Úrsula','Fonseca','Montero',5563089855),
(168,'Miriam','Frías','Ceballos',5577350776),
(169,'Humberto','Cardona','Urbina',5575626386),
(170,'Rosalia','Guerrero','Saldivar',5569013165),
(171,'Alfredo','Arce','Navarrete',5535836499),
(172,'Elisa','Salgado','Arroyo',5542613850),
(173,'Reina','de la Rosa','Hernandes',5588936108),
(174,'Mateo','Archuleta','de la Garza',5578173198),
(175,'Mónica','Crúz','Aguirre',5537103741),
(176,'Bernabé','Carbajal','Longoria',5515988044),
(177,'Bernardo','Navarro','Saiz',5507872403),
(178,'Lorena','Estévez','Vigil',5571600926),
(179,'Blanca','Aguilar','Rolón',5510018349),
(180,'Oscar','Lebrón','Espinosa',5536590990),
(181,'Héctor','Tijerina','Espinal',5539046759),
(182,'Marcela','Rodríguez','Peres',5552989212),
(183,'Blanca','Martínez','Rivas',5571240178),
(184,'Guadalupe','Lozada','Echeverría',5509640527),
(185,'Asunción','Amaya','Luna',5510507593),
(186,'Gerardo','Meléndez','de la O',5520054801),
(187,'Nelly','Reséndez','Colunga',5592346873),
(188,'Dalia','Barrientos','Armenta',5518334592),
(189,'Antonio','Leiva','Montes',5599692921),
(190,'Jonás','Solorzano','González',5553683882),
(191,'Isabel','Maya','Rico',5526294057),
(192,'Ricardo','Montalvo','Quiñones',5541158084),
(193,'Aldonza','Maya','Solorzano',5555219791),
(194,'Leonel','Limón','Alcaraz',5529367154),
(195,'Asunción','Ochoa','Santiago',5503137544),
(196,'Isabel','Hurtado','Huerta',5545904175),
(197,'Amelia','Salgado','Rubio',5518285167),
(198,'Genaro','Gálvez','Martínez',5594438618),
(199,'Elena','Rosales','Ortega',5558435785),
(200,'Teresa','Uribe','Gaytán',5535968691),
(201,'Karla','Peres','Rivero',5512620625),
(202,'Paola','Villareal','Verdugo',5511523339),
(203,'Ernesto','Ávila','Mata',5577178163),
(204,'Cristobal','Hernández','Tijerina',5587848738),
(205,'Emiliano','Villalpando','Espinoza',5506761524),
(206,'Adán','Carbajal','Tirado',5585911474),
(207,'Renato','Sanches','Aguilera',5542716399),
(208,'Nancy','Rosario','Véliz',5560612557),
(209,'Emiliano','Blanco','Vallejo',5547245354),
(210,'Alejandra','Galarza','Aponte',5550471562),
(211,'Delia','Jurado','Olivárez',5510519097),
(212,'Yeni','Gastélum','Gaitán',5582529257),
(213,'Carlota','Duarte','Bermúdez',5527461505),
(214,'Fabiola','Badillo','Cruz',5519313019),
(215,'Benito','Abreu','Cabrera',5585882656),
(216,'María Elena','Nieto','Vargas',5561786135),
(217,'Linda','Nieves','Piña',5570586482),
(218,'Alejandra','Olivares','Villa',5552783514),
(219,'Abril','Lebrón','Altamirano',5562791037),
(220,'Mercedes','Botello','Ornelas',5552634011),
(221,'Jorge Luis','Cisneros','Aponte',5510972241),
(222,'Noemí','Chapa','Orozco',5597035114),
(223,'Ramiro','Cornejo','Morales',5560946459),
(224,'Gustavo','Arguello','Arevalo',5581413848),
(225,'Rosario','Ávalos','Gutiérrez',5597110645),
(226,'Luisa','Bahena','Juárez',5595427276),
(227,'Gustavo','Monroy','Ceballos',5595639554),
(228,'Ángela','Saiz','Jaimes',5590826452),
(229,'Mariana','Ulloa','Olivárez',5503848604),
(230,'Mateo','Caraballo','Pérez',5515377251),
(231,'Alejandro','Zambrano','Patiño',5540778655),
(232,'Esteban','Rosas','Soria',5558613620),
(233,'Luis','Olmos','Quintero',5523569452),
(234,'Lorena','Juárez','Delgado',5547474781),
(235,'Jonás','Ramos','Echeverría',5591470104),
(236,'Hermelinda','Parra','Raya',5551643136),
(237,'Dulce','Lugo','Jáquez',5513213397),
(238,'Leonor','Rico','Sandoval',5535180173),
(239,'Mauro','Meza','Solorio',5500791511),
(240,'Nicolás','Vega','Mercado',5536845412),
(241,'Berta','González','Ávalos',5500176241),
(242,'Ana','Rodríquez','Escalante',5525519970),
(243,'Miguel','Batista','Cepeda',5547908043),
(244,'German','Molina','Cardenas',5531364526),
(245,'Jorge Luis','Alva','Miramontes',5506818432),
(246,'Pamela','Galindo','Bañuelos',5536899377),
(247,'Maria','Avilés','Marín',5504333996),
(248,'Felipe','Concepcion','Calvillo',5599434456),
(249,'Jose','Raya','Cabrera',5568677766),
(250,'Beatriz','Valenzuela','Alonzo',5562945754),
(251,'Olivia','Marín','Bañuelos',5564286716),
(252,'Nadia','Palacios','Arredondo',5587330666),
(253,'Oscar','Melgar','Morales',5546862811),
(254,'Zacarias','Velez','Aleman',5522251123),
(255,'Delia','Fernandez','Candelaria',5566173540),
(256,'Amanda','Tijerina','Camacho',5591477604),
(257,'Berta','Ríos','Camacho',5533091808),
(258,'Ignacio','Magaña','Collazo',5577220626),
(259,'Trinidad','Zepeda','Mateo',5502378489),
(260,'Ramon','Muñiz','Gaona',5527638226),
(261,'Emilio','Sarabia','Bustos',5502433978),
(262,'Luis','Gaitan','Lugo',5582737511),
(263,'Omar','Carrillo','Cordova',5548954936),
(264,'Geronimo','Vaca','Villegas',5571173024),
(265,'Alberto','Zapata','Sauceda',5565197755),
(266,'Estela','Mondragón','Ortega',5580500649),
(267,'Amalia','Casares','Carvajal',5527471458),
(268,'Linda','Jaimes','Valle',5528007977),
(269,'Amanda','Sarabia','Sanchez',5582063882),
(270,'Perla','Giron','Feliciano',5550954268),
(271,'Adalberto','Valenzuela','Colunga',5574791806),
(272,'Magdalena','Mesa','Segura',5583856373),
(273,'Elias','Olivares','Rojas',5536256266),
(274,'Cristobal','Gonzales','Meléndez',5530037773),
(275,'Tania','Valencia','de Jesús',5509383682),
(276,'Vanesa','Rosales','Benítez',5576100357),
(277,'Francisco Javier','Guajardo','Manzanares',5519242741),
(278,'Miguel','Arteaga','Alcala',5506632586),
(279,'Pilar','Casillas','Mora',5564520070),
(280,'Aldonza','Molina','Rodrígez',5574445214),
(281,'Esteban','Gaona','Bétancourt',5561023948),
(282,'Karina','Balderas','Rubio',5500356404),
(283,'Estela','Porras','Raya',5570991327),
(284,'Sessa','Contreras','Santillán',5560062827),
(285,'Verónica','Ferrer','Gracia',5587736117),
(286,'Abigail','Meza','Carrillo',5540362048),
(287,'Yeni','Vásquez','Carmona',5534269815),
(288,'Aida','Chávez','Carrillo',5506365346),
(289,'Luis Manuel','Roldán','Mata',5596348742),
(290,'José Emilio','Roldán','Narváez',5556242389),
(291,'Daniela','Velásquez','Preciado',5560548779),
(292,'Judith','Gallegos','Arroyo',5546991249),
(293,'Mayte','Hernández','Zarate',5510587418),
(294,'Susana','Ceja','Armenta',5570867875),
(295,'Alfredo','Santacruz','Anaya',5502506510),
(296,'Luz','Colón','Páez',5565022457),
(297,'Gerardo','Peres','Garay',5590676205),
(298,'Noemí','Saldaña','Meza',5518574788),
(299,'Liliana','Montañez','Baeza',5555766734),
(300,'Camila','Esquibel','Mayorga',5564413002),
(301,'Susana','Rosas','Flórez',5582995033),
(302,'Rodolfo','Quintero','Rivero',5504638926),
(303,'Sessa','Magaña','Arteaga',5587285700),
(304,'Mitzy','Collazo','Jaime',5578990985),
(305,'Lilia','Nieto','Romero',5574812287),
(306,'Lilia','Carbajal','Pedraza',5513831724),
(307,'Alejandra','Escamilla','Zavala',5518851691),
(308,'Caridad','Miramontes','Alcántar',5528030753),
(309,'Natividad','Angulo','Linares',5563665659),
(310,'Ana Luisa','Bernal','Méndez',5596979450),
(311,'Judith','Ochoa','Verdugo',5549617159),
(312,'Úrsula','Casanova','Arroyo',5569908145),
(313,'Georgina','Gamboa','Tapia',5556502355),
(314,'Francisca','Serrano','Ferrer',5590794971),
(315,'Inés','Verdugo','Montalvo',5537631854),
(316,'Jaime','Granados','Carbajal',5533825847),
(317,'Jaqueline','Ceja','Madrigal',5528813951),
(318,'Daniel','Acevedo','Carrasco',5584358723),
(319,'María José','Báez','Arredondo',5500242620),
(320,'Fernando','Nava','Velasco',5503293977),
(321,'Mónica','Portillo','Sepúlveda',5564339300),
(322,'Citlali','Peres','Escamilla',5547073390),
(323,'Homero','Casárez','Almonte',5525025646),
(324,'Esther','Carrión','García',5564086630),
(325,'Débora','Ponce','Escobar',5517025531),
(326,'Cecilia','Loya','Rivera',5525700675),
(327,'Evelio','Medrano','Quiñónez',5572847381),
(328,'José Emilio','Haro','Ledesma',5510035270),
(329,'Abelardo','Iglesias','Cardona',5524229639),
(330,'Ángela','Vergara','Maya',5551692988),
(331,'Aurora','Jáquez','Chávez',5545904618),
(332,'Martín','Alfaro','Peralta',5572311835),
(333,'Aida','Vásquez','Solorzano',5523388796),
(334,'Ignacio','Barreto','Roybal',5593984339),
(335,'Alma','Barreto','Palomino',5544407021),
(336,'Eugenia','Pichardo','Vélez',5589016057),
(337,'Flavio','Gastélum','Huerta',5554076600),
(338,'Antonia','Pineda','Rodarte',5557409953),
(339,'Porfirio','Nazario','Vergara',5564032621),
(340,'Esmeralda','Camacho','Toledo',5554050751),
(341,'Caridad','Rendón','Zelaya',5520299730),
(342,'Octavio','Beltrán','Reynoso',5506844936),
(343,'Margarita','Nevárez','Sosa',5502361064),
(344,'Clara','Aparicio','Narváez',5540238188),
(345,'Salvador','Gracia','Rosario',5534071991),
(346,'Gabino','Cepeda','Gollum',5573674234),
(347,'Alicia','Menchaca','Verduzco',5568479817),
(348,'Adela','Solís','Mireles',5580013945),
(349,'Isabela','Verdugo','Saavedra',5581099818),
(350,'Ángel','Adame','Acosta',5598260298),
(351,'Tomás','Guerra','Batista',5501250992),
(352,'Mauricio','Quezada','Delgado',5587925182),
(353,'Salvador','Pineda','Muro',5513265653),
(354,'Felix','Báez','Concepción',5543373911),
(355,'Sandra','Muñoz','Meléndez',5545817755),
(356,'Reynaldo','Sandoval','Nieto',5526772083),
(357,'Abel','Nieto','Córdova',5544659040),
(358,'Emilio','Becerra','Peralta',5502894261),
(359,'Porfirio','Valencia','Parra',5521644880),
(360,'Raúl','Iglesias','Matías',5522823902),
(361,'Raúl','Carrero','Granado',5525496038),
(362,'Leonor','Quiñónez','Zedillo',5514026593),
(363,'Micaela','Segura','Carrasco',5557137702),
(364,'Yeni','Barragán','Longoria',5548025813),
(365,'Silvia','Santana','Abreu',5583238754),
(366,'Ángela','Griego','de León',5546762275),
(367,'Isabela','Mares','Mascareñas',5515983560),
(368,'Paola','Urrutia','Prieto',5510640536),
(369,'Abraham','Loya','Ceballos',5573613501),
(370,'Mariana','Mota','Lozada',5536397641),
(371,'Mónica','Barragán','Briones',5547383593),
(372,'Ana María','Maya','Matos',5598816414),
(373,'Vicente','Tórrez','Soliz',5568057400),
(374,'Graciela','Godínez','Polanco',5518039688),
(375,'Daniel','Vallejo','Haro',5570569362),
(376,'Noemí','Fierro','Valdez',5587532725),
(377,'Germán','Rosales','Rascón',5595904211),
(378,'Zoé','Arellano','Quintero',5535544242),
(379,'Ana María','Acevedo','Soria',5533546479),
(380,'Martín','Coronado','Segura',5504637574),
(381,'Miguel','Sanches','Rosado',5587224892),
(382,'Asunción','Quezada','Ledesma',5540771785),
(383,'Daniela','Polanco','Rosario',5567682825),
(384,'Isabel','Santacruz','de Anda',5578594839),
(385,'Natividad','Leiva','Caraballo',5586692237),
(386,'Octavio','Mercado','Arevalo',5523245195),
(387,'Virginia','Archuleta','Zapata',5523348568),
(388,'Serafín','Nava','Prado',5547010171),
(389,'Agustín','Soto','Mondragón',5506214971),
(390,'Alejandra','Velasco','Magaña',5591775559),
(391,'Luz','Bañuelos','Durán',5573391130),
(392,'Silvia','Domínguez','Hidalgo',5508192328),
(393,'Mitzy','Salcido','Sauceda',5548090543),
(394,'Sara','Maldonado','Solís',5518011993),
(395,'Perla','Segovia','Carreón',5512869584),
(396,'Emilio','Barrios','Candelaria',5545888587),
(397,'José Emilio','Salinas','Casanova',5541898519),
(398,'Conchita','Cervantes','Serrato',5577123199),
(399,'Adela','Lira','Urbina',5561624200),
(400,'Bernardo','Alcala','Figueroa',5584001767),
(401,'Octavio','Granado','Galindo',5565422994),
(402,'Bianca','Aguirre','Concepción',5551133783),
(403,'Paulina','Soliz','Valle',5510614686),
(404,'Emiliano','Arenas','Cortez',5562818220),
(405,'Delia','Luevano','Montalvo',5579624887),
(406,'Noelia','Quiñones','Gálvez',5553777354),
(407,'Luis Miguel','Escobar','Brito',5511450478),
(408,'Carmen','Jaramillo','Suárez',5574263561),
(409,'Berta','Nájera','Roldán',5550569532),
(410,'Octavio','Cavazos','Vaca',5512238986),
(411,'Verónica','Olmos','Rocha',5544231948),
(412,'María Teresa','del Valle','Porras',5502923130),
(413,'Cristal','Flórez','Girón',5581534434),
(414,'Gabino','Hurtado','Lucio',5596500467),
(415,'Pamela','Serrato','Fierro',5535741090),
(416,'Irma','Moreno','Montalvo',5540991853),
(417,'Fidel','Tejada','Téllez',5513039219),
(418,'Óliver','Riojas','Montes',5595894537),
(419,'Jaqueline','Páez','Durán',5581040528),
(420,'Marcos','Ramos','Lomeli',5543960702),
(421,'Elias','Velasco','Mares',5555723288),
(422,'Isabel','Méndez','Medina',5519451311),
(423,'Ilse','Huerta','Alfaro',5545338266),
(424,'Lorenzo','Cano','Rodríquez',5529129099),
(425,'Luis Manuel','Guevara','Meza',5520466606),
(426,'Judith','Ramón','Gracia',5588087526),
(427,'Jaqueline','Núñez','Carranza',5518215758),
(428,'Minerva','Calderón','Parra',5596210568),
(429,'Fidel','Pizarro','Correa',5572961090),
(430,'Yolanda','Mesa','Montemayor',5576258263),
(431,'Liliana','Prieto','Negrón',5523448891),
(432,'Rodrigo','Cordero','Lara',5539525168),
(433,'Rosario','Rojo','González',5573647080),
(434,'Abel','Carrero','Bernal',5585935996),
(435,'Vicente','Muro','Carrasco',5521225208),
(436,'Rosalia','Canales','Córdova',5538899010),
(437,'Nicolás','Villareal','Ferrer',5500482147),
(438,'Jacinto','Domínguez','Lemus',5534244569),
(439,'Maximiliano','Sepúlveda','Sauceda',5549813930),
(440,'Jaqueline','Balderas','Herrera',5520958960),
(441,'Jacobo','Godínez','Aranda',5545607545),
(442,'Raquel','Meraz','Salas',5518678644),
(443,'Hernán','Munguía','Ornelas',5537852431),
(444,'Oswaldo','Hernandes','Garrido',5569994301),
(445,'Antonio','Bustos','Llamas',5542170078),
(446,'Patricio','Cedillo','Torres',5533992180),
(447,'Luz','Guillen','Limón',5500346327),
(448,'Amalia','Mares','Ponce',5587390449),
(449,'Augusto','Aguilar','Segovia',5531410771),
(450,'Beatriz','Saiz','Casares',5591627190),
(451,'Hernán','Aponte','Carrera',5546366693),
(452,'Cristal','Avilés','Amador',5526851809),
(453,'Homero','Garza','Galarza',5534687210),
(454,'Ricardo','Arevalo','Valle',5518739176),
(455,'Cristal','Tejada','Altamirano',5523418514),
(456,'Modesto','Olmos','Moya',5519949437),
(457,'Elisa','Vallejo','Romero',5556838403),
(458,'Angélica','Pantoja','Vallejo',5551872930),
(459,'Cristina','Navarrete','Batista',5530958342),
(460,'Daniel','Barraza','Casas',5592558949),
(461,'Héctor','Zúñiga','Zapata',5587423648),
(462,'Cristian','León','Montenegro',5568595118),
(463,'Evelio','Caldera','Calderón',5539414988),
(464,'César','Padrón','Arriaga',5584086293),
(465,'Francisca','Piña','Almanza',5542310293),
(466,'Cecilia','Botello','Barrera',5566957537),
(467,'Anabel','Montemayor','Ríos',5503698669),
(468,'Berta','Bravo','de la Fuente',5599923309),
(469,'Gilberto','Lozano','Puente',5519122817),
(470,'María','Salazar','Mota',5522430170),
(471,'Sara','Ornelas','Valdés',5560576690),
(472,'María Elena','Olivárez','Díaz',5557055928),
(473,'Conchita','Gaitán','Rascón',5577280824),
(474,'Judith','Linares','Martínez',5567228768),
(475,'Minerva','Godoy','Alfaro',5506380002),
(476,'Estefanía','Aguirre','Serna',5549329539),
(477,'Mario','Malave','Rico',5561734363),
(478,'Inés','Tamez','Pineda',5515752992),
(479,'Eloy','Tórrez','Cardona',5525898315),
(480,'Jos','Hernandes','Mercado',5515726264),
(481,'Gerónimo','Acosta','Ordóñez',5537048418),
(482,'Lorenzo','Caraballo','Castillo',5544554869),
(483,'Hermelinda','Nieves','Mondragón',5533155428),
(484,'Eloy','Riojas','Fonseca',5588683078),
(485,'Rodolfo','de la O','Quintero',5589928797),
(486,'Alejandro','Chapa','Zepeda',5589139949),
(487,'María José','Báez','Borrego',5594682822),
(488,'Dulce','Estrada','Gamboa',5526964948),
(489,'Clemente','Rivera','Villaseñor',5571849951),
(490,'Aurelio','Villegas','Cedillo',5504058060),
(491,'Mariana','Ceja','Centeno',5550741145),
(492,'Agustín','León','Cardenas',5553426866),
(493,'Dulce María','Bahena','Corona',5563128062),
(494,'Alta  Gracia','Arias','Gollum',5561884658),
(495,'Ángela','Ureña','Razo',5574981260),
(496,'Ernesto','Salcido','Montañez',5595348054),
(497,'Oswaldo','Centeno','Cabán',5554599635),
(498,'Ernesto','Caldera','Zelaya',5569037033),
(499,'Olivia','Meza','Regalado',5597277855),
(500,'Hugo','Villareal','Saldivar',5525814588),
(501,'Sara','Morales','Carrión',5554859033),
(502,'Marisela','Hinojosa','Verduzco',5522039807),
(503,'Florencia','Fierro','Rosado',5569740447),
(504,'Nayeli','Almaraz','Ojeda',5539093689),
(505,'Frida','Ortega','Prieto',5551588991),
(506,'Angélica','Lozada','Castañeda',5519724573),
(507,'Elena','Ulibarri','Contreras',5508600065),
(508,'Itzel','Arguello','del Valle',5590102531),
(509,'Salma','Tello','Centeno',5544757027),
(510,'Angélica','Quintana','Mateo',5556693895),
(511,'Julio','Valenzuela','Solís',5550208297),
(512,'Aurelio','Gil','Espinal',5532226597),
(513,'Aurora','Pacheco','Aguilar',5571430587),
(514,'Adela','Madrid','Rojas',5586005798),
(515,'Elena','Jaimes','Fonseca',5541438877),
(516,'Pamela','Lozano','León',5593159138),
(517,'Aida','Mares','Girón',5583181996),
(518,'Jesús','Molina','Santillán',5552093697),
(519,'Margarita','Cedillo','Borrego',5511023295),
(520,'Alejandra','Leiva','Saldivar',5593963741),
(521,'Porfirio','Jaramillo','Osorio',5542141632),
(522,'Adalberto','Vélez','Cabán',5577643548),
(523,'Barbara','Cardenas','Figueroa',5533874767),
(524,'Pedro','Quesada','Zamora',5541481489),
(525,'Jesús','Lucio','Alejandro',5577885352),
(526,'Sofía','Pabón','León',5507954938),
(527,'Raúl','Aranda','Benavides',5569085431),
(528,'Gonzalo','Orozco','Manzanares',5516476408),
(529,'Eugenio','Abrego','Barrera',5598914468),
(530,'Ramiro','Rosales','Soliz',5547741908),
(531,'Leonor','Figueroa','Alcala',5500358368),
(532,'Susana','Montoya','Aguayo',5506723665),
(533,'Cecilia','Pacheco','Murillo',5593248747),
(534,'Martín','Rojo','Vaca',5537009156),
(535,'Clemente','Medina','Escobedo',5550706119),
(536,'Elias','Alba','Fuentes',5512701621),
(537,'Clara','Loera','Ramón',5546735411),
(538,'Ana','Alcaraz','Zavala',5502441038),
(539,'Enrique','Roybal','Dueñas',5564289143),
(540,'Elisa','Saldivar','Fonseca',5509192354),
(541,'Bernabé','Navarrete','Ballesteros',5558346414),
(542,'Uriel','Laboy','Patiño',5540304005),
(543,'Felipe','Quiñónez','Rincón',5525203898),
(544,'Esteban','Badillo','Laureano',5534862621),
(545,'Adán','Rivera','Partida',5591457285),
(546,'Julio','Ulibarri','Roque',5528940538),
(547,'Wilfrido','Garza','Hurtado',5542231783),
(548,'Octavio','Juárez','Rangel',5510595154),
(549,'María','Valentín','Coronado',5566153616),
(550,'Nelly','Tapia','Portillo',5503613585),
(551,'María Luisa','Franco','Rivero',5554108951),
(552,'Berta','Barragán','Rodríquez',5503082096),
(553,'Guadalupe','Ríos','Macías',5554071993),
(554,'Esmeralda','Aranda','Marroquín',5502964465),
(555,'Tania','Maya','Miramontes',5515620896),
(556,'Mercedes','Hernández','Sanches',5515053806),
(557,'Carolina','Barela','Mendoza',5512843450),
(558,'Anabel','Escamilla','del Río',5560490263),
(559,'Reynaldo','Rojo','Adame',5558258517),
(560,'Jacinto','Casares','Reyes',5589197621),
(561,'Antonia','Matías','Villanueva',5504800163),
(562,'Indira','Posada','Cantú',5560623869),
(563,'Carla','Limón','Robledo',5562268471),
(564,'Marcos','Muñiz','Gaitán',5533225636),
(565,'Natalia','Tapia','Jurado',5589579227),
(566,'Patricio','Valdés','Gaitán',5541754856),
(567,'Humberto','Fonseca','Laboy',5598197647),
(568,'Pascual','Correa','Briseño',5569381925),
(569,'Linda','Ramírez','Nieto',5512272155),
(570,'Aldonza','Montero','Zelaya',5589985944),
(571,'María Luisa','Lozada','Naranjo',5543716703),
(572,'Elvira','Benavides','Vázquez',5522536147),
(573,'Bruno','Franco','Lerma',5584724702),
(574,'Frida','Anaya','Pacheco',5542890996),
(575,'Ramiro','Macías','Montoya',5569449854),
(576,'Lilia','Carbajal','Arriaga',5521016309),
(577,'Eric','Luevano','Dueñas',5515761819),
(578,'Julio','Vera','Ávila',5533658493),
(579,'Trinidad','Casillas','Rendón',5505285716),
(580,'Virginia','Alemán','Guajardo',5559863200),
(581,'Leonel','Méndez','Muro',5540975058),
(582,'Adalberto','Sosa','Sanabria',5539310822),
(583,'Martín','Calderón','Anaya',5513522460),
(584,'Laura','Rivera','Meléndez',5519052120),
(585,'Israel','Aparicio','Merino',5549730574),
(586,'Violeta','Tejada','Guzmán',5543257320),
(587,'Graciela','Vega','Padilla',5547248919),
(588,'Gregorio','Sarabia','Fuentes',5517354139),
(589,'Esparta','Paz','Olivares',5571742062),
(590,'Carolina','Armenta','Hernádez',5578981085),
(591,'Adán','Tórrez','Zayas',5586937067),
(592,'Abel','Castillo','Cervantes',5552126465),
(593,'Verónica','Ávalos','Jasso',5541851474),
(594,'Adán','Ordóñez','Fernández',5509807509),
(595,'Nicolás','Cedillo','Arroyo',5586609750),
(596,'Aldo','Ramírez','Briseño',5510290365),
(597,'Marcela','Villalobos','Ocasio',5513207711),
(598,'Mauricio','Godoy','Ybarra',5514710060),
(599,'Marcela','Montañez','Santillán',5548797591),
(600,'Irene','Curiel','Alarcón',5527538584),
(601,'Nelly','Tejeda','Ulloa',5545386968),
(602,'Agustín','Saldaña','Arias',5519054312),
(603,'Minerva','Vergara','Barrios',5527494288),
(604,'Jos','Ortega','Aparicio',5500703271),
(605,'Lilia','Rubio','Tejeda',5590578222),
(606,'Asunción','Nava','Menchaca',5544124914),
(607,'Ricardo','Muñoz','Vélez',5584722247),
(608,'Celia','Rascón','Barragán',5510435533),
(609,'Cristal','Lara','Esquivel',5573762202),
(610,'Mayte','Aguirre','Aguilera',5562547113),
(611,'Hugo','Venegas','Rolón',5582182434),
(612,'David','de la Rosa','Sanabria',5521771832),
(613,'René','Ruiz','Valverde',5535933956),
(614,'Natividad','Montero','Alcaraz',5567959269),
(615,'Jesús','Méndez','Acuña',5502495696),
(616,'Elias','Pichardo','Concepción',5593476781),
(617,'Marisela','Alcántar','Arias',5560255379),
(618,'Salma','Posada','Franco',5586168479),
(619,'Jaime','Barajas','Peña',5512962336),
(620,'Elena','de la Torre','Galindo',5581943906),
(621,'Tania','Sauceda','Esquibel',5554321521),
(622,'Sonia','Rodríguez','Gamez',5570389287),
(623,'Caridad','Olivas','Paredes',5593398596),
(624,'Reynaldo','Arellano','Salinas',5514568426),
(625,'Angélica','Ibarra','Vega',5555657001),
(626,'Alta  Gracia','Pérez','Cordero',5574531627),
(627,'Eduardo','Zepeda','Santana',5575117079),
(628,'José Carlos','Carrillo','Toro',5585656540),
(629,'Fernando','Barraza','Carranza',5564366864),
(630,'Lorena','Rojo','Alejandro',5590953831),
(631,'Paulina','Almonte','Carranza',5503188308),
(632,'Ernesto','Lucio','Lebrón',5513069349),
(633,'Elvira','Villa','Luna',5573571902),
(634,'Andrea','Moreno','Contreras',5559588723),
(635,'Conchita','Figueroa','Serrato',5546774598),
(636,'Helena','Caballero','Abreu',5576337156),
(637,'Rocío','Hidalgo','Cabrera',5586002415),
(638,'Miriam','Alarcón','Leal',5568139856),
(639,'Francisco','Galván','Ocasio',5596528522),
(640,'Luisa','Canales','Bétancourt',5586448312),
(641,'Jesús','Zúñiga','Negrete',5555705164),
(642,'Adela','Solorio','Colunga',5537824934),
(643,'Francisco','Sosa','Trujillo',5518896630),
(644,'Horacio','Zarate','de Jesús',5577436704),
(645,'Adela','Rodríguez','López',5581585448),
(646,'Esteban','Haro','Abreu',5512326950),
(647,'Jerónimo','Pineda','Farías',5545159904),
(648,'Cristian','Arguello','Flores',5507724711),
(649,'Linda','Solano','Collado',5518678404),
(650,'Julio César','Acevedo','Mateo',5552445839),
(651,'Isaac','Chavarría','Zaragoza',5568872670),
(652,'Alfonso','Barraza','Madrigal',5519955353),
(653,'Luz','García','Olivera',5548375720),
(654,'Susana','Reyna','Rendón',5532946947),
(655,'Francisca','Ochoa','Tafoya',5533783497),
(656,'Catalina','de la Torre','Lucio',5596318244),
(657,'Wendolin','Sanches','Enríquez',5519901754),
(658,'Celia','Suárez','Elizondo',5597313665),
(659,'Emilio','Fernández','Ocasio',5526354871),
(660,'Espartaco','Benítez','Navarro',5568314753),
(661,'Wendolin','Calderón','Muñoz',5567896751),
(662,'Sandra','López','Santillán',5589489784),
(663,'Raquel','Melgar','Campos',5508098187),
(664,'Miriam','Navarro','Prado',5513842498),
(665,'Aldonza','Villegas','Valladares',5593650761),
(666,'Susana','Jaime','Oquendo',5571036782),
(667,'Antonio','Tórrez','Ibarra',5595960489),
(668,'Pamela','Palacios','Villalpando',5522658372),
(669,'Lilia','Noriega','Quintero',5593827759),
(670,'Gregorio','Estévez','Melgar',5574689135),
(671,'Rodrigo','Centeno','Muñiz',5524363229),
(672,'Cristal','Valdés','Guillen',5591770162),
(673,'Bernardo','Vergara','Rael',5580536899),
(674,'Ana María','Guevara','Díaz',5544161415),
(675,'Pedro','Ayala','Paz',5522538004),
(676,'Gerardo','Valle','Saucedo',5507771210),
(677,'Wilfrido','Morales','Orozco',5519581499),
(678,'Felipe','Lozada','Márquez',5566705106),
(679,'Jerónimo','Corona','Elizondo',5546788051),
(680,'Rodrigo','Correa','Jáquez',5519923506),
(681,'Alicia','Maya','Contreras',5574055536),
(682,'Socorro','Zamudio','Roybal',5593059677),
(683,'Óscar','Ulibarri','Fonseca',5567279659),
(684,'Francisco','Velásquez','Lomeli',5542412319),
(685,'Nicolás','del Valle','Esquibel',5503805943),
(686,'Teodoro','Armenta','Gómez',5566371028),
(687,'Minerva','Casares','Mejía',5506479055),
(688,'Ariadna','Feliciano','Gastélum',5596868115),
(689,'Zacarías','Maestas','Chapa',5529857644),
(690,'Clemente','Regalado','Collazo',5574213801),
(691,'Pedro','Laboy','Padrón',5505397792),
(692,'Lourdes','de la Crúz','Caraballo',5591346410),
(693,'Sergio','Tijerina','Otero',5520385568),
(694,'Alonso','Bermúdez','Pineda',5525305061),
(695,'Victoria','Murillo','Rodrígez',5555723751),
(696,'Jacobo','Pedraza','Saucedo',5574400999),
(697,'Francisco Javier','Jurado','Aragón',5553790557),
(698,'Hugo','Nieto','Alonzo',5545631214),
(699,'Elisa','Villalobos','Mascareñas',5547234336),
(700,'Camilo','Montalvo','Blanco',5511386466),
(701,'Aurora','Iglesias','Fonseca',5549561048),
(702,'Elena','de León','Jurado',5526340280),
(703,'Fidel','Saldaña','Benavídez',5515563189),
(704,'Lilia','Nazario','Salgado',5506976592),
(705,'Marco Antonio','Barragán','Saldivar',5559011628),
(706,'Octavio','Maya','Brito',5525497806),
(707,'Conchita','Loya','de la Torre',5501826567),
(708,'Hilda','Gil','Puga',5514680888),
(709,'Lilia','Hernández','Villagómez',5573590707),
(710,'Daniela','Cavazos','Corona',5583394487),
(711,'Úrsula','Ponce','Ballesteros',5531819706),
(712,'Bernabé','Mora','Porras',5563231978),
(713,'Georgina','Mateo','Ulloa',5555744117),
(714,'Emiliano','Lozada','Quiñones',5548213245),
(715,'Mario','Irizarry','Ballesteros',5505682924),
(716,'Isabel','Galindo','Avilés',5510793824),
(717,'Tania','Gaytán','Salazar',5534984377),
(718,'Eloisa','Tamayo','Vaca',5546895448),
(719,'Isabel','Valverde','Bétancourt',5585268373),
(720,'Leonardo','Monroy','de Anda',5599303015),
(721,'Carmen','Navarrete','Arias',5578414592),
(722,'Carlos','Corrales','Tovar',5523640357),
(723,'Rebeca','Paredes','León',5567483336),
(724,'Eloy','Olivo','Rodríguez',5541009036),
(725,'Julia','Pantoja','Robles',5522107610),
(726,'Abigail','Venegas','Castañeda',5579184995),
(727,'Vanesa','de la Torre','Benavídez',5546222833),
(728,'Frida','Barajas','Aragón',5586643290),
(729,'Eloisa','Mireles','Gálvez',5524181378),
(730,'Yolanda','Barragán','Villareal',5568820336),
(731,'Felix','Reynoso','Girón',5539621100),
(732,'Rocío','Quintana','Quintana',5553930973),
(733,'Renato','Páez','Salazar',5537867587),
(734,'Olivia','Rascón','Flórez',5506795459),
(735,'Rufino','Navarro','Iglesias',5595551961),
(736,'Irma','Lerma','Luevano',5569281187),
(737,'Sara','Huerta','Vallejo',5536017983),
(738,'Camila','Vega','Aguayo',5551622971),
(739,'Mariana','Carbajal','Laboy',5587184499),
(740,'Natalia','Lomeli','Guajardo',5592296669),
(741,'Ofelia','Espinal','Valadez',5519488773),
(742,'Elena','Soria','Gómez',5541580930),
(743,'Laura','Huerta','Niño',5594999265),
(744,'Javier','Montes','Reséndez',5527247279),
(745,'Irene','Ureña','Montenegro',5558616338),
(746,'Tomás','Salazar','Medina',5591938013),
(747,'Gustavo','Moreno','Orosco',5591176222),
(748,'Estefanía','Pelayo','Botello',5519946190),
(749,'Mauricio','Borrego','León',5582984877),
(750,'Abelardo','Tejeda','Portillo',5507632099),
(751,'Estela','Benítez','Zelaya',5528384350),
(752,'Renato','Bustamante','Salcido',5594368903),
(753,'José','Medrano','Alvarez',5560071044),
(754,'Aurora','Uribe','Gurule',5584678080),
(755,'Miguel Ángel','Ornelas','Zepeda',5567385211),
(756,'Abel','Briseño','Lebrón',5521002038),
(757,'Eric','Valles','Garza',5574783763),
(758,'Cristian','Palacios','Garza',5567302134),
(759,'Ramiro','Urrutia','Farías',5524798078),
(760,'Perla','Olmos','Lemus',5523198553),
(761,'Benito','Villalpando','Cervantes',5599223994),
(762,'Raúl','Merino','Ocampo',5547024406),
(763,'Cristina','Rojas','Quiñónez',5556562063),
(764,'Clara','Vargas','Casanova',5554321036),
(765,'Felipe','Aguilera','Collado',5572074981),
(766,'Arcelia','Gil','Guerra',5511447544),
(767,'Javier','Cordero','Quesada',5556999679),
(768,'Isaac','Rivera','Bustos',5595205287),
(769,'María Teresa','Tejeda','Gallegos',5512006974),
(770,'Julio','Núñez','Treviño',5554315276),
(771,'Ángela','Ávila','Corona',5557490698),
(772,'Rosalia','Mercado','Nieto',5594532655),
(773,'Eugenia','Colunga','Zavala',5540898762),
(774,'Yeni','Bermúdez','Olivera',5575409545),
(775,'Vicente','Lomeli','Magaña',5530993736),
(776,'Cristian','Cardona','Benítez',5571473654),
(777,'Sessa','Correa','Montez',5532875654),
(778,'Zeferino','Avilés','Abreu',5570644506),
(779,'Perla','Concepción','Rentería',5587229490),
(780,'Ariadna','Rodarte','Frías',5511099848),
(781,'Reina','Gallardo','Orta',5558388546),
(782,'Socorro','de la Crúz','Ojeda',5506497136),
(783,'Ana María','Quesada','Noriega',5528123444),
(784,'Hermelinda','Núñez','González',5566803589),
(785,'Emilio','de la Rosa','Pizarro',5530988288),
(786,'Yuridia','Ojeda','Concepción',5590006044),
(787,'Pascual','Collazo','Valdivia',5589692471),
(788,'Wendolin','Haro','Murillo',5593547391),
(789,'Débora','Salgado','Berríos',5574433626),
(790,'Wilfrido','Salazar','Quiroz',5505383063),
(791,'Omar','Olivas','Ureña',5567236193),
(792,'Germán','Jimínez','Flores',5580846034),
(793,'Camilo','Quintanilla','Cortés',5575170027),
(794,'Lilia','Peres','Rocha',5505429894),
(795,'Eric','Olmos','Mejía',5529475424),
(796,'Camilo','Salazar','Soto',5539616479),
(797,'Wendolin','Córdova','Montemayor',5542627130),
(798,'Lucía','Salazar','Gamez',5573472885),
(799,'Rolando','Reséndez','Lemus',5502099954),
(800,'Débora','de Anda','Loya',5539950656),
(801,'Mateo','Montes','Fuentes',5533362100),
(802,'Felipe','Abreu','Cotto',5509270694),
(803,'Flavio','Alejandro','Verdugo',5563606336),
(804,'Amanda','Valdez','Girón',5524030375),
(805,'Leonel','Corona','Cazares',5522083936),
(806,'Nelly','Quintero','Borrego',5517475078),
(807,'María José','Arredondo','Rolón',5587269583),
(808,'Minerva','Olivera','Colón',5518116275),
(809,'Samuel','Adame','Rocha',5517610062),
(810,'María Elena','Iglesias','Báez',5580110493),
(811,'Mercedes','Villegas','Villarreal',5530206402),
(812,'Flavio','Estrada','Maldonado',5529825422),
(813,'Karina','Herrera','Cintrón',5586873262),
(814,'Bianca','Sarabia','Sanches',5577907840),
(815,'Carolina','Orozco','Maldonado',5528728698),
(816,'Agustín','Aranda','Marroquín',5590036373),
(817,'Gloria','Alejandro','Amador',5550414516),
(818,'Susana','Carreón','Hurtado',5588005639),
(819,'María','Santana','Rangel',5558409878),
(820,'Juan','Garza','Uribe',5596897519),
(821,'Leonel','Lozano','Barragán',5509289946),
(822,'Jonás','Ortiz','Rosado',5595358245),
(823,'Iván','Razo','Rojo',5565261575),
(824,'Dolores','Sosa','Carvajal',5551155626),
(825,'Ana María','Trujillo','Medina',5599416459),
(826,'Irma','Viera','Gamboa',5563692406),
(827,'Marisol','Salazar','Chávez',5538260686),
(828,'Emiliano','Echeverría','Abrego',5523680229),
(829,'Anel','Ontiveros','Carrión',5554646291),
(830,'Salvador','Elizondo','Alcaraz',5530232781),
(831,'Marisela','Porras','Ponce',5587708337),
(832,'Fabiola','Alva','Pedroza',5551540127),
(833,'Gloria','Montez','Granados',5566330804),
(834,'Julio','Saavedra','Leal',5539991728),
(835,'Mauricio','Nieves','Gaona',5575633480),
(836,'Ilse','Nieto','Franco',5574925735),
(837,'Luisa','Balderas','Alemán',5503408508),
(838,'Pedro','Maya','Leiva',5539972511),
(839,'Felix','Linares','Gaitán',5525733442),
(840,'Amalia','Esparza','Parra',5523185122),
(841,'Cristal','Brito','Mireles',5536841425),
(842,'Elvira','Nevárez','Barrera',5522369525),
(843,'Itzel','Quesada','Medina',5554690130),
(844,'Gustavo','Correa','Aponte',5512059837),
(845,'Adriana','Estrada','Tejeda',5593501916),
(846,'Bernardo','Moreno','Gaona',5547071735),
(847,'Lourdes','Gomez','Sanches',5553247425),
(848,'Clemente','Espinal','Torre',5548953926),
(849,'María Luisa','Montenegro','Santacruz',5521524875),
(850,'Rafaél','Lugo','Valle',5528778739),
(851,'Dulce','Cotto','Vélez',5545997902),
(852,'Rolando','Galindo','Matos',5584837057),
(853,'Gregorio','Carreón','Colón',5568555444),
(854,'Eric','Vergara','Ponce',5551849990),
(855,'Esmeralda','Quezada','Botello',5577556167),
(856,'Eloy','Lara','Mojica',5577215577),
(857,'María del Carmen','Miranda','Aguirre',5574550645),
(858,'Iván','Tijerina','Aguilar',5543682089),
(859,'Cristal','Castañeda','Madrigal',5500618968),
(860,'Nicolás','Hernández','Vallejo',5510646130),
(861,'Marisela','Vera','Garica',5545730710),
(862,'Mauricio','Valle','Brito',5583013678),
(863,'Carlos','Santacruz','Cornejo',5572573481),
(864,'Felipe','Matos','Olivares',5590743648),
(865,'René','Concepción','Polanco',5565541673),
(866,'Elias','Lovato','Badillo',5511177994),
(867,'Gustavo','Perea','Mascareñas',5507417442),
(868,'Jacinto','Ojeda','Villagómez',5568974049),
(869,'Santiago','Pérez','Coronado',5527212876),
(870,'Wendolin','del Valle','Terán',5591439784),
(871,'José','Tórrez','Padrón',5535571256),
(872,'Minerva','Jasso','Blanco',5541946449),
(873,'Fernando','Ulloa','Haro',5519901723),
(874,'Ofelia','Rosas','León',5566580471),
(875,'Alvaro','Zambrano','Valles',5589640084),
(876,'Felix','Villalobos','Arellano',5548612522),
(877,'Adalberto','Chavarría','Flores',5542765740),
(878,'Susana','Monroy','Cortez',5537857869),
(879,'Juana','Alvarado','Garza',5528355354),
(880,'Elvira','Montaño','Ulloa',5563150639),
(881,'Omar','Pelayo','Armenta',5540666658),
(882,'Maximiliano','Nájera','Espino',5509389323),
(883,'Marcos','Lozano','Muro',5595824834),
(884,'Evelio','Zayas','Bonilla',5580825866),
(885,'Lilia','Flores','Concepción',5590226414),
(886,'Beatriz','Alvarez','Robles',5502512045),
(887,'Ricardo','Trejo','Gollum',5597287013),
(888,'Yolanda','Varela','Moreno',5506926597),
(889,'Jorge','Lomeli','Cardona',5564130863),
(890,'Silvano','Caballero','Márquez',5511472990),
(891,'Víctor','Padilla','Bernal',5512050144),
(892,'Raúl','Pichardo','Aparicio',5523876297),
(893,'Zeferino','Menéndez','Caballero',5569235157),
(894,'Elena','Meléndez','Valles',5506605700),
(895,'Rosario','Cotto','Cazares',5587237084),
(896,'Karina','Cedillo','Leyva',5593252551),
(897,'Ricardo','Saldaña','Yáñez',5577025592),
(898,'Esparta','Solano','Rosado',5557383948),
(899,'Micaela','Bétancourt','Razo',5548789685),
(900,'Francisco','Guajardo','Zedillo',5592736226),
(901,'Samuel','Galván','Galván',5588430406),
(902,'Blanca','Zapata','Sisneros',5590532321),
(903,'Dulce','Sisneros','Lomeli',5553706868),
(904,'Dalia','Villalpando','Marrero',5598046940),
(905,'Pascual','Figueroa','Armenta',5579867528),
(906,'Abigail','Hidalgo','Valverde',5551522317),
(907,'Berta','Moya','Robledo',5588864379),
(908,'Santiago','Cantú','Esquivel',5551661976),
(909,'Nicolás','Serrato','Godoy',5543273804),
(910,'Karla','Vega','Bonilla',5558007128),
(911,'Alma','Benavides','Bermúdez',5573372784),
(912,'Bianca','Angulo','Alba',5533986588),
(913,'Alberto','Partida','de la Torre',5577290673),
(914,'Marisela','Barajas','Correa',5531050002),
(915,'Claudio','Villegas','Mesa',5517782037),
(916,'Jorge Luis','García','Molina',5554164481),
(917,'Paulina','Nieto','Rangel',5526064621),
(918,'Hilda','Ballesteros','Jaime',5589443343),
(919,'José Carlos','Irizarry','Madrigal',5508933039),
(920,'Amanda','Mateo','Guevara',5555142187),
(921,'Hilda','Alcántar','Lira',5571117757),
(922,'Gregorio','Sánchez','Padrón',5590689115),
(923,'Dolores','Sosa','Coronado',5558470239),
(924,'Ana María','Mojica','Luna',5537873642),
(925,'Cynthia','Uribe','Cortez',5562410184),
(926,'Lourdes','Solorzano','Armenta',5539971567),
(927,'María','Bermúdez','Heredia',5575931415),
(928,'María','Cano','de León',5592414675),
(929,'José Emilio','Jaime','Parra',5529919182),
(930,'Eduardo','Angulo','Juárez',5572000118),
(931,'Clara','Pantoja','Bravo',5581677755),
(932,'José María','Cardenas','Guardado',5593308407),
(933,'Homero','Bétancourt','Jaime',5594511883),
(934,'Raquel','de Anda','Zamudio',5596948956),
(935,'Clemente','Lomeli','Casares',5546723099),
(936,'Abraham','Verdugo','Naranjo',5595365249),
(937,'Dolores','Fernández','Aranda',5514634771),
(938,'Estela','Perea','Marroquín',5572912247),
(939,'Aida','Montalvo','Pedraza',5543600430),
(940,'Antonia','Lara','Jasso',5582170840),
(941,'Amelia','Roybal','Arguello',5562582791),
(942,'Carolina','Matos','Rodríquez',5598253091),
(943,'Estela','Véliz','Medrano',5576481491),
(944,'Leonel','Montez','Roque',5586133868),
(945,'Guadalupe','Valenzuela','Alcaraz',5580252430),
(946,'Augusto','Piña','Tórrez',5596327745),
(947,'Jacinto','Trujillo','Delgadillo',5594866344),
(948,'Laura','Madrigal','Castañeda',5510608846),
(949,'Juana','Roldán','Armas',5543336218),
(950,'Cristian','León','Rivera',5563613312),
(951,'Lucía','Amador','Olvera',5504542342),
(952,'Graciela','Gómez','Estrada',5538039822),
(953,'Estela','Saavedra','Calvillo',5578233314),
(954,'Gerónimo','Urías','Espinal',5591114008),
(955,'José Luis','Herrera','Arguello',5524693081),
(956,'Úrsula','Galindo','Zamora',5580755624),
(957,'Augusto','Luna','Coronado',5529089686),
(958,'Ruby','Marín','Gastélum',5522883940),
(959,'Luisa','Carmona','Zavala',5530496398),
(960,'Bernabé','Valdés','Amador',5552028775),
(961,'Ruby','Ibarra','Solano',5584366425),
(962,'Gonzalo','Acuña','Robles',5596900234),
(963,'Luis Manuel','Raya','Cruz',5518967647),
(964,'María Eugenia','Páez','Estévez',5508231545),
(965,'Nicolás','Escalante','Rincón',5575097855),
(966,'Estefanía','Soto','Mendoza',5501070794),
(967,'Minerva','Gil','de Jesús',5578285835),
(968,'Pamela','Luevano','Almonte',5537905050),
(969,'Magdalena','Torres','Osorio',5504579845),
(970,'Alicia','Santiago','Rael',5596606791),
(971,'Amelia','Nieto','Orozco',5530626236),
(972,'Federico','Granados','Abrego',5523873508),
(973,'Mayte','Pineda','Robledo',5503811117),
(974,'Abigail','Linares','Sanches',5511491990),
(975,'Eugenio','Rivas','Borrego',5517793642),
(976,'Horacio','Almaraz','Posada',5510029032),
(977,'Raúl','Frías','Gollum',5530884791),
(978,'Enrique','Rodríguez','Covarrubias',5566743540),
(979,'Aurora','Caballero','Berríos',5555390446),
(980,'Berta','Cortés','Pizarro',5570862177),
(981,'Amelia','Naranjo','Tórrez',5531787843),
(982,'Sara','Arriaga','Sarabia',5545992473),
(983,'Emiliano','Tello','Alba',5571065906),
(984,'Gonzalo','Montes','Carrasco',5508737990),
(985,'Emilia','Meléndez','Naranjo',5576795841),
(986,'José','Berríos','Montalvo',5501134609),
(987,'Angélica','Rolón','Maya',5507602773),
(988,'Elena','Menéndez','Rosado',5521272468),
(989,'Amador','Rico','García',5509463667),
(990,'Aurora','Barrientos','Farías',5535122001),
(991,'Aida','Samaniego','Narváez',5596966520),
(992,'Alvaro','Collazo','Pacheco',5598754824),
(993,'Leticia','Porras','López',5515232263),
(994,'Norma','Jiménez','Quintana',5587617536),
(995,'Leonardo','Girón','Cortés',5596248213),
(996,'Reina','Lovato','Polanco',5594945190),
(997,'Héctor','Cano','Núñez',5564392762),
(998,'Óliver','Cardenas','Alvarez',5530173364),
(999,'Maria','Carrero','Colunga',5541761419),
(1000,'Gloria','Perez','Urrutia',5588873587);

-- Tabla ‘empleado’
INSERT INTO empleado(id_empleado, nombre_empleado)
VALUES
(1, 'Laura'),
(2, 'Laurel'),
(3, 'Laura'),
(4, 'Nero'),
(5, 'May'),
(6, 'Ronan'),
(7, 'Illiana'),
(8, 'Thomas'),
(9, 'Jacob'),
(10, 'Yuli'),
(11, 'Sofía'),
(12, 'Juan Carlos'),
(13, 'Ana'),
(14, 'Sócrates'),
(15, 'Juana Carla'),
(16, 'Veronica'),
(17, 'Jessica'),
(18, 'Olivia'),
(19, 'Keith'),
(20, 'Lester'),
(21, 'Miguel'),
(22, 'Manuel'),
(23, 'Miguel'),
(24, 'Hedy'),
(25, 'Reed'),
(26, 'Finn'),
(27, 'Hall'),
(28, 'Mercedes'),
(29, 'Orlando'),
(30, 'Zachary');


--Tabla ‘vendedor’
INSERT INTO vendedor(id_vendedor, id_empleado, nombre_vendedor, salario_vendedor, ap_pat_vendedor, ap_mat_vendedor)
VALUES
(1, 11, 'Sofía','6000.00','Ramos','Martínez'),
(2, 12, 'Juan Carlos','6000.00','Sánchez','López'),
(3, 13, 'Ana','6000.00','Gutiérrez','Torres'),
(4, 14, 'Sócrates','6000.00','Ramos','Martínez'),
(5, 15, 'Juana Carla', '6000.00', 'Sánchez', 'López'),
(6, 16, 'Veronica','225.95','Stephens','Deleon'),
(7, 17, 'Jessica','767.80','Gibbs','House'),
(8, 18, 'Olivia','324.49','West','Quinn'),
(9, 19, 'Keith','750.90','Montgomery','Pacheco'),
(10, 20, 'Lester','518.07','Gill','Aguilar');

--Tabla ‘proveedor’
INSERT INTO proveedor(id_proveedor, nombre_proveedor, tel_proveedor)
VALUES
(1,'WALMART',5512345678),
(2,'Bodega Aurrera',5598765432),
(3,'Chedraui',5524681357),
(4,'Soriana',5536987412),
(5,'Sams Club',5580231675),
(6, 'Alibaba', 5501234567),
(7, 'JD.com', 5509876543),
(8, 'Pinduoduo', 5501239876),
(9, 'Suning', 5502345678),
(10, 'Gome', 5503456789);


--Tabla ‘direccion_proveedor’
INSERT INTO direccion_proveedor(id_proveedor, calle_proveedor, colonia_proveedor, delegacion_proveedor,num_int_proveedor,num_ext_proveedor)
VALUES
(1,'Calle Insurgentes Sur','Colonia Roma Norte','Cuauhtémoc','1234','35'),
(2,'Avenida Reforma','Colonia Juárez','Cuauhtémoc', '567','37'),
(3,'Calle Revolución','Colonia Del Valle','Benito Juárez','7890','51'),
(4,'Avenida Chapultepec','Colonia Condesa','Cuauhtémoc','4321','94'),
(5,'Calle Tamaulipas','Colonia Hipódromo Condesa','Cuauhtémoc','876','248'),
(6,'Calle Insurgentes Sur','Colonia Roma Sur','Cuauhtémoc','1234','51'),
(7,'Avenida Chapultepec','Colonia Condesa','Cuauhtémoc','4321','35'),
(8,'Paseo de la Reforma', 'Colonia Polanco', 'Cuauhtémoc','37', '72'),
(9,'Paseo de la Reforma', 'Colonia Roma', 'Cuauhtémoc', '51', '94'),
(10,'Av. Revolución', 'Colonia Polanco', 'Miguel Hidalgo', '35', '248');


--Tabla ‘compra_cliente’
INSERT INTO compra_cliente(folio_cliente, id_cliente, id_vendedor, pago_total_cliente, fecha_orden_cliente)
VALUES
(1 , 640, 1, '450.00', '2023-06-18'),
(2 , 523, 5, '750.00', '2023-06-12'),
(3 , 74, 3, '1000.00', '2023-01-10'),
(4 , 168, 4, '750.00', '2023-04-07'),
(5 , 566, 3, '1000.00', '2023-03-02'),
(6 , 36, 5, '300.00', '2023-06-28'),
(7 , 937, 1, '500.00', '2023-02-22'),
(8 , 793, 2, '2500.00', '2023-08-22'),
(9 , 455, 2, '5400.00', '2023-12-10'),
(10 , 575, 3, '250.00', '2023-07-14'),
(11 , 655, 3, '450.00', '2023-05-02'),
(12 , 183, 5, '6000.00', '2023-05-15'),
(13 , 843, 5, '5400.00', '2023-05-24'),
(14 , 211, 4, '900.00', '2023-08-07'),
(15 , 562, 4, '450.00', '2023-10-06'),
(16 , 837, 5, '6000.00', '2023-02-24'),
(17 , 142, 1, '500.00', '2023-07-16'),
(18 , 918, 4, '375.00', '2023-10-10'),
(19 , 107, 5, '4200.00', '2023-04-27'),
(20 , 936, 5, '1250.00', '2023-07-26'),
(21 , 699, 3, '50.00', '2023-06-09'),
(22 , 51, 2, '600.00', '2023-08-21'),
(23 , 323, 4, '3588.00', '2023-03-01'),
(24 , 421, 4, '400.00', '2023-03-11'),
(25 , 213, 3, '1200.00', '2023-05-16'),
(26 , 638, 3, '600.00', '2023-02-18'),
(27 , 11, 2, '3588.00', '2023-07-09'),
(28 , 20, 4, '1200.00', '2023-12-07'),
(29 , 416, 5, '1050.00', '2023-04-10'),
(30 , 840, 5, '5000.00', '2023-04-04'),
(31 , 730, 4, '1050.00', '2023-12-07'),
(32 , 906, 2, '2000.00', '2023-05-23'),
(33 , 525, 1, '3000.00', '2023-08-01'),
(34 , 673, 1, '2700.00', '2023-10-07'),
(35 , 133, 1, '6000.00', '2023-02-23'),
(36 , 664, 1, '225.00', '2023-09-02'),
(37 , 878, 4, '600.00', '2023-04-22'),
(38 , 279, 4, '700.00', '2023-12-23'),
(39 , 444, 4, '750.00', '2023-08-11'),
(40 , 149, 3, '1400.00', '2023-06-06'),
(41 , 816, 4, '2500.00', '2023-05-15'),
(42 , 653, 1, '150.00', '2023-08-23'),
(43 , 909, 5, '900.00', '2023-08-08'),
(44 , 63, 5, '600.00', '2023-09-14'),
(45 , 624, 4, '5400.00', '2023-06-07'),
(46 , 716, 5, '4500.00', '2023-04-16'),
(47 , 668, 4, '2400.00', '2023-06-01'),
(48 , 528, 3, '1200.00', '2023-10-17'),
(49 , 363, 2, '300.00', '2023-07-28'),
(50 , 34, 4, '1196.00', '2023-04-07'),
(51 , 8, 2, '598.00', '2023-06-08'),
(52 , 116, 5, '100.00', '2023-02-23'),
(53 , 25, 1, '3000.00', '2023-07-24'),
(54 , 281, 2, '1000.00', '2023-12-24'),
(55 , 104, 3, '300.00', '2023-05-08'),
(56 , 273, 2, '4500.00', '2023-04-20'),
(57 , 249, 4, '1500.00', '2023-02-23'),
(58 , 379, 2, '450.00', '2023-06-05'),
(59 , 771, 4, '1800.00', '2023-07-15'),
(60 , 178, 2, '2500.00', '2023-03-26'),
(61 , 698, 4, '1800.00', '2023-12-01'),
(62 , 904, 3, '2500.00', '2023-09-10'),
(63 , 641, 5, '100.00', '2023-02-01'),
(64 , 482, 4, '450.00', '2023-09-01'),
(65 , 881, 3, '600.00', '2023-02-12'),
(66 , 471, 1, '875.00', '2023-07-10'),
(67 , 43, 2, '75.00', '2023-01-07'),
(68 , 329, 2, '1000.00', '2023-01-07'),
(69 , 530, 4, '500.00', '2023-05-27'),
(70 , 713, 1, '1500.00', '2023-10-16'),
(71 , 938, 1, '5000.00', '2023-06-13'),
(72 , 560, 5, '1750.00', '2023-10-21'),
(73 , 828, 4, '4500.00', '2023-07-12'),
(74 , 504, 3, '750.00', '2023-07-04'),
(75 , 346, 4, '250.00', '2023-03-16'),
(76 , 829, 4, '1000.00', '2023-02-05'),
(77 , 561, 1, '1250.00', '2023-08-26'),
(78 , 779, 2, '1500.00', '2023-06-06'),
(79 , 955, 2, '150.00', '2023-03-26'),
(80 , 35, 3, '750.00', '2023-01-26'),
(81 , 108, 1, '300.00', '2023-05-09'),
(82 , 982, 4, '1400.00', '2023-10-27'),
(83 , 866, 3, '1750.00', '2023-02-14'),
(84 , 590, 3, '2000.00', '2023-03-13'),
(85 , 469, 4, '500.00', '2023-01-06'),
(86 , 352, 5, '250.00', '2023-02-01'),
(87 , 941, 3, '400.00', '2023-03-23'),
(88 , 610, 1, '4500.00', '2023-12-18'),
(89 , 60, 4, '150.00', '2023-12-15'),
(90 , 732, 3, '300.00', '2023-01-01'),
(91 , 2, 3, '450.00', '2023-02-07'),
(92 , 124, 2, '750.00', '2023-05-16'),
(93 , 130, 5, '4500.00', '2023-06-05'),
(94 , 427, 5, '598.00', '2023-07-26'),
(95 , 704, 4, '600.00', '2023-04-03'),
(96 , 626, 3, '500.00', '2023-11-05'),
(97 , 438, 1, '4200.00', '2023-05-04'),
(98 , 822, 4, '1200.00', '2023-07-02'),
(99 , 167, 1, '1800.00', '2023-03-07'),
(100 , 820, 1, '300.00', '2023-08-22'),
(101 , 559, 4, '750.00', '2023-02-11'),
(102 , 543, 4, '400.00', '2023-10-19'),
(103 , 665, 1, '225.00', '2023-12-08'),
(104 , 39, 5, '800.00', '2023-12-23'),
(105 , 796, 3, '400.00', '2023-01-03'),
(106 , 800, 5, '1500.00', '2023-07-07'),
(107 , 449, 1, '1750.00', '2023-03-06'),
(108 , 102, 2, '5400.00', '2023-10-13'),
(109 , 603, 5, '1750.00', '2023-08-21'),
(110 , 298, 5, '600.00', '2023-09-24'),
(111 , 785, 5, '4500.00', '2023-01-27'),
(112 , 188, 3, '3588.00', '2023-07-27'),
(113 , 286, 3, '3000.00', '2023-05-07'),
(114 , 691, 5, '75.00', '2023-02-11'),
(115 , 518, 5, '400.00', '2023-01-10'),
(116 , 219, 5, '2990.00', '2023-01-12'),
(117 , 555, 4, '150.00', '2023-06-06'),
(118 , 663, 4, '400.00', '2023-04-22'),
(119 , 734, 4, '100.00', '2023-06-07'),
(120 , 433, 4, '900.00', '2023-06-16'),
(121 , 200, 5, '50.00', '2023-04-18'),
(122 , 289, 3, '150.00', '2023-06-20'),
(123 , 451, 1, '250.00', '2023-08-07'),
(124 , 347, 2, '150.00', '2023-04-18'),
(125 , 769, 3, '450.00', '2023-04-23'),
(126 , 826, 4, '500.00', '2023-07-19'),
(127 , 556, 4, '1350.00', '2023-01-01'),
(128 , 208, 4, '450.00', '2023-12-08'),
(129 , 485, 5, '700.00', '2023-04-25'),
(130 , 830, 4, '900.00', '2023-11-28'),
(131 , 80, 5, '100.00', '2023-01-24'),
(132 , 748, 5, '1750.00', '2023-09-12'),
(133 , 784, 2, '600.00', '2023-11-02'),
(134 , 238, 5, '800.00', '2023-06-01'),
(135 , 315, 5, '3500.00', '2023-10-13'),
(136 , 348, 4, '1800.00', '2023-12-13'),
(137 , 274, 3, '2250.00', '2023-01-19'),
(138 , 591, 2, '75.00', '2023-09-08'),
(139 , 725, 5, '750.00', '2023-08-08'),
(140 , 983, 4, '1500.00', '2023-06-24'),
(141 , 913, 3, '1750.00', '2023-09-11'),
(142 , 635, 3, '500.00', '2023-12-02'),
(143 , 319, 5, '1495.00', '2023-04-26'),
(144 , 958, 1, '100.00', '2023-12-09'),
(145 , 863, 5, '1050.00', '2023-02-15'),
(146 , 551, 5, '2700.00', '2023-07-10'),
(147 , 585, 1, '2250.00', '2023-06-07'),
(148 , 437, 1, '1500.00', '2023-04-19'),
(149 , 480, 5, '2700.00', '2023-02-27'),
(150 , 220, 1, '1000.00', '2023-08-20'),
(151 , 852, 1, '1000.00', '2023-07-25'),
(152 , 642, 5, '897.00', '2023-09-10'),
(153 , 934, 5, '2700.00', '2023-12-16'),
(154 , 461, 5, '1750.00', '2023-10-10'),
(155 , 717, 3, '750.00', '2023-04-12'),
(156 , 833, 3, '1500.00', '2023-07-24'),
(157 , 337, 4, '150.00', '2023-05-16'),
(158 , 965, 3, '2100.00', '2023-10-08'),
(159 , 956, 3, '6000.00', '2023-11-05'),
(160 , 119, 2, '350.00', '2023-04-03'),
(161 , 981, 3, '299.00', '2023-05-19'),
(162 , 101, 4, '250.00', '2023-08-23'),
(163 , 874, 3, '6000.00', '2023-02-12'),
(164 , 966, 4, '3000.00', '2023-10-28'),
(165 , 117, 3, '3000.00', '2023-03-23'),
(166 , 214, 2, '1500.00', '2023-12-16'),
(167 , 288, 3, '2400.00', '2023-03-04'),
(168 , 410, 2, '300.00', '2023-02-22'),
(169 , 79, 1, '300.00', '2023-06-21'),
(170 , 908, 1, '400.00', '2023-09-05'),
(171 , 411, 3, '400.00', '2023-07-14'),
(172 , 360, 4, '1000.00', '2023-09-18'),
(173 , 217, 5, '300.00', '2023-05-04'),
(174 , 227, 1, '350.00', '2023-02-09'),
(175 , 143, 3, '200.00', '2023-05-09'),
(176 , 272, 1, '1000.00', '2023-05-13'),
(177 , 546, 5, '500.00', '2023-05-04'),
(178 , 531, 5, '300.00', '2023-05-21'),
(179 , 425, 2, '400.00', '2023-11-12'),
(180 , 96, 5, '150.00', '2023-10-18'),
(181 , 791, 3, '1500.00', '2023-10-14'),
(182 , 162, 2, '525.00', '2023-11-02'),
(183 , 700, 1, '300.00', '2023-08-08'),
(184 , 318, 4, '1200.00', '2023-02-19'),
(185 , 835, 3, '500.00', '2023-08-08'),
(186 , 284, 1, '1500.00', '2023-03-07'),
(187 , 354, 2, '1750.00', '2023-06-08'),
(188 , 392, 1, '1800.00', '2023-02-03'),
(189 , 573, 2, '4200.00', '2023-05-15'),
(190 , 507, 2, '400.00', '2023-09-12'),
(191 , 975, 5, '3500.00', '2023-09-06'),
(192 , 181, 3, '1196.00', '2023-12-06'),
(193 , 946, 4, '2700.00', '2023-07-09'),
(194 , 576, 5, '100.00', '2023-02-03'),
(195 , 873, 2, '1250.00', '2023-10-04'),
(196 , 516, 2, '2100.00', '2023-03-01'),
(197 , 867, 4, '1500.00', '2023-03-23'),
(198 , 628, 4, '1350.00', '2023-05-17'),
(199 , 349, 5, '800.00', '2023-10-18'),
(200 , 307, 2, '1350.00', '2023-04-15'),
(201 , 757, 5, '300.00', '2023-05-13'),
(202 , 129, 1, '1500.00', '2023-08-16'),
(203 , 621, 5, '800.00', '2023-04-07'),
(204 , 847, 1, '800.00', '2023-09-18'),
(205 , 371, 5, '1196.00', '2023-08-10'),
(206 , 639, 3, '500.00', '2023-04-16'),
(207 , 925, 4, '225.00', '2023-02-15'),
(208 , 567, 1, '750.00', '2023-07-21'),
(209 , 193, 2, '250.00', '2023-06-24'),
(210 , 163, 1, '300.00', '2023-10-24'),
(211 , 967, 3, '450.00', '2023-09-10'),
(212 , 617, 2, '1750.00', '2023-05-02'),
(213 , 423, 4, '375.00', '2023-11-08'),
(214 , 976, 5, '2250.00', '2023-10-21'),
(215 , 683, 3, '1794.00', '2023-12-08'),
(216 , 809, 4, '1495.00', '2023-11-22'),
(217 , 118, 3, '1794.00', '2023-04-05'),
(218 , 825, 1, '200.00', '2023-11-04'),
(219 , 524, 2, '500.00', '2023-07-27'),
(220 , 500, 4, '900.00', '2023-09-22'),
(221 , 924, 3, '525.00', '2023-10-22'),
(222 , 64, 5, '500.00', '2023-01-22'),
(223 , 749, 1, '500.00', '2023-04-25'),
(224 , 212, 2, '300.00', '2023-11-09'),
(225 , 541, 1, '200.00', '2023-03-03'),
(226 , 460, 3, '875.00', '2023-11-01'),
(227 , 947, 2, '500.00', '2023-12-18'),
(228 , 241, 2, '300.00', '2023-07-18'),
(229 , 383, 3, '450.00', '2023-01-20'),
(230 , 378, 2, '150.00', '2023-03-21'),
(231 , 173, 5, '100.00', '2023-07-05'),
(232 , 243, 1, '900.00', '2023-08-01'),
(233 , 365, 4, '750.00', '2023-04-13'),
(234 , 519, 1, '225.00', '2023-08-09'),
(235 , 84, 1, '1196.00', '2023-10-04'),
(236 , 499, 5, '200.00', '2023-03-16'),
(237 , 256, 4, '200.00', '2023-03-11'),
(238 , 823, 3, '1800.00', '2023-10-14'),
(239 , 372, 5, '150.00', '2023-04-23'),
(240 , 239, 2, '2990.00', '2023-07-02'),
(241 , 651, 3, '300.00', '2023-05-10'),
(242 , 182, 2, '600.00', '2023-06-14'),
(243 , 483, 4, '450.00', '2023-04-08'),
(244 , 415, 3, '400.00', '2023-12-25'),
(245 , 27, 2, '1500.00', '2023-04-04'),
(246 , 185, 5, '600.00', '2023-12-14'),
(247 , 126, 2, '450.00', '2023-05-09'),
(248 , 322, 2, '900.00', '2023-07-22'),
(249 , 191, 4, '225.00', '2023-10-14'),
(250 , 161, 2, '875.00', '2023-07-24'),
(251 , 19, 4, '900.00', '2023-01-13'),
(252 , 693, 3, '1400.00', '2023-03-22'),
(253 , 846, 3, '1196.00', '2023-06-23'),
(254 , 905, 4, '450.00', '2023-02-20'),
(255 , 250, 5, '2100.00', '2023-04-02'),
(256 , 514, 3, '5000.00', '2023-05-07'),
(257 , 761, 2, '300.00', '2023-01-16'),
(258 , 309, 5, '1794.00', '2023-02-26'),
(259 , 600, 2, '2000.00', '2023-09-03'),
(260 , 634, 1, '1750.00', '2023-07-12'),
(261 , 391, 4, '1400.00', '2023-01-11'),
(262 , 255, 5, '500.00', '2023-09-13'),
(263 , 418, 2, '600.00', '2023-01-22'),
(264 , 386, 1, '800.00', '2023-09-19'),
(265 , 341, 2, '350.00', '2023-02-06'),
(266 , 147, 5, '2500.00', '2023-11-14'),
(267 , 627, 2, '300.00', '2023-10-21'),
(268 , 70, 3, '2400.00', '2023-09-22'),
(269 , 486, 5, '3500.00', '2023-02-26'),
(270 , 9, 5, '1000.00', '2023-03-06'),
(271 , 10, 3, '500.00', '2023-03-26'),
(272 , 259, 5, '1794.00', '2023-09-13'),
(273 , 186, 4, '900.00', '2023-08-28'),
(274 , 406, 1, '200.00', '2023-06-06'),
(275 , 930, 1, '2250.00', '2023-08-26'),
(276 , 325, 1, '1200.00', '2023-09-01'),
(277 , 22, 5, '5400.00', '2023-04-20'),
(278 , 510, 3, '3500.00', '2023-04-18'),
(279 , 434, 4, '598.00', '2023-05-04'),
(280 , 484, 1, '800.00', '2023-04-26'),
(281 , 613, 3, '450.00', '2023-01-06'),
(282 , 44, 1, '2100.00', '2023-05-12'),
(283 , 313, 4, '450.00', '2023-04-28'),
(284 , 574, 5, '700.00', '2023-07-02'),
(285 , 831, 3, '1050.00', '2023-11-14'),
(286 , 506, 1, '1500.00', '2023-06-23'),
(287 , 666, 1, '2700.00', '2023-12-01'),
(288 , 300, 5, '1050.00', '2023-12-09'),
(289 , 402, 2, '2400.00', '2023-02-25'),
(290 , 136, 2, '400.00', '2023-05-09'),
(291 , 589, 4, '900.00', '2023-07-07'),
(292 , 308, 3, '2700.00', '2023-05-18'),
(293 , 702, 2, '1400.00', '2023-03-12'),
(294 , 782, 3, '150.00', '2023-07-19'),
(295 , 935, 4, '600.00', '2023-03-09'),
(296 , 929, 1, '375.00', '2023-12-23'),
(297 , 900, 3, '6000.00', '2023-09-14'),
(298 , 495, 2, '150.00', '2023-07-24'),
(299 , 753, 5, '1000.00', '2023-04-11'),
(300 , 889, 3, '750.00', '2023-09-16'),
(301 , 550, 2, '897.00', '2023-10-02'),
(302 , 488, 3, '3588.00', '2023-12-25'),
(303 , 945, 2, '400.00', '2023-09-10'),
(304 , 328, 5, '1350.00', '2023-06-07'),
(305 , 902, 1, '150.00', '2023-09-23'),
(306 , 97, 2, '400.00', '2023-12-10'),
(307 , 548, 4, '1000.00', '2023-01-03'),
(308 , 265, 1, '1250.00', '2023-03-18'),
(309 , 572, 2, '175.00', '2023-07-12'),
(310 , 355, 2, '1050.00', '2023-10-10'),
(311 , 338, 4, '525.00', '2023-01-13'),
(312 , 146, 4, '875.00', '2023-10-28'),
(313 , 45, 1, '4500.00', '2023-02-05'),
(314 , 922, 5, '900.00', '2023-09-23'),
(315 , 31, 1, '6000.00', '2023-10-11'),
(316 , 521, 5, '1350.00', '2023-02-14'),
(317 , 727, 3, '100.00', '2023-09-10'),
(318 , 132, 2, '1000.00', '2023-06-15'),
(319 , 880, 5, '500.00', '2023-11-26'),
(320 , 972, 2, '2700.00', '2023-08-08'),
(321 , 892, 3, '3500.00', '2023-10-23'),
(322 , 98, 2, '1000.00', '2023-10-23'),
(323 , 953, 3, '3000.00', '2023-06-23'),
(324 , 176, 2, '250.00', '2023-02-11'),
(325 , 790, 4, '4200.00', '2023-09-03'),
(326 , 893, 3, '2250.00', '2023-01-26'),
(327 , 801, 1, '1000.00', '2023-04-05'),
(328 , 477, 3, '1000.00', '2023-11-22'),
(329 , 302, 4, '300.00', '2023-12-11'),
(330 , 911, 1, '3000.00', '2023-10-21'),
(331 , 742, 3, '299.00', '2023-10-03'),
(332 , 927, 1, '375.00', '2023-08-09'),
(333 , 839, 5, '1000.00', '2023-06-08'),
(334 , 32, 2, '598.00', '2023-05-16'),
(335 , 235, 2, '1200.00', '2023-01-25'),
(336 , 509, 3, '1000.00', '2023-12-19'),
(337 , 914, 5, '400.00', '2023-02-22'),
(338 , 898, 2, '300.00', '2023-01-24'),
(339 , 579, 4, '500.00', '2023-12-10'),
(340 , 710, 2, '700.00', '2023-11-10'),
(341 , 268, 5, '300.00', '2023-11-17'),
(342 , 529, 4, '300.00', '2023-04-15'),
(343 , 48, 4, '225.00', '2023-09-08'),
(344 , 961, 5, '400.00', '2023-12-14'),
(345 , 385, 2, '75.00', '2023-03-11'),
(346 , 974, 4, '6000.00', '2023-10-05'),
(347 , 18, 2, '1000.00', '2023-05-07'),
(348 , 409, 3, '1350.00', '2023-11-28'),
(349 , 855, 2, '1200.00', '2023-02-15'),
(350 , 545, 2, '450.00', '2023-07-01'),
(351 , 636, 1, '6000.00', '2023-10-10'),
(352 , 931, 5, '350.00', '2023-04-28'),
(353 , 807, 3, '4500.00', '2023-02-25'),
(354 , 14, 3, '2500.00', '2023-11-19'),
(355 , 676, 2, '4500.00', '2023-03-17'),
(356 , 490, 1, '1500.00', '2023-03-20'),
(357 , 105, 4, '2500.00', '2023-05-20'),
(358 , 993, 4, '500.00', '2023-10-07'),
(359 , 899, 1, '400.00', '2023-11-22'),
(360 , 583, 5, '250.00', '2023-02-25'),
(361 , 175, 1, '600.00', '2023-02-04'),
(362 , 285, 5, '1350.00', '2023-02-08'),
(363 , 695, 4, '3000.00', '2023-04-22'),
(364 , 384, 2, '100.00', '2023-07-11'),
(365 , 3, 1, '1050.00', '2023-09-05'),
(366 , 38, 4, '75.00', '2023-06-04'),
(367 , 724, 2, '1200.00', '2023-10-09'),
(368 , 327, 2, '100.00', '2023-12-20'),
(369 , 376, 4, '900.00', '2023-10-20'),
(370 , 580, 2, '500.00', '2023-08-24'),
(371 , 926, 2, '750.00', '2023-11-26'),
(372 , 164, 1, '2000.00', '2023-11-02'),
(373 , 755, 4, '250.00', '2023-05-05'),
(374 , 234, 1, '1000.00', '2023-10-02'),
(375 , 894, 5, '875.00', '2023-01-05'),
(376 , 426, 4, '450.00', '2023-11-08'),
(377 , 321, 2, '450.00', '2023-11-04'),
(378 , 812, 4, '2000.00', '2023-12-28'),
(379 , 417, 5, '1000.00', '2023-03-13'),
(380 , 24, 5, '700.00', '2023-08-18'),
(381 , 159, 5, '50.00', '2023-08-26'),
(382 , 968, 5, '2700.00', '2023-02-21'),
(383 , 382, 5, '600.00', '2023-11-05'),
(384 , 781, 4, '600.00', '2023-08-11'),
(385 , 741, 2, '1250.00', '2023-05-10'),
(386 , 122, 3, '100.00', '2023-09-15'),
(387 , 340, 5, '1050.00', '2023-04-23'),
(388 , 615, 4, '2700.00', '2023-01-06'),
(389 , 493, 1, '1196.00', '2023-11-16'),
(390 , 689, 5, '800.00', '2023-01-10'),
(391 , 758, 5, '200.00', '2023-01-17'),
(392 , 166, 2, '700.00', '2023-05-09'),
(393 , 55, 4, '400.00', '2023-09-13'),
(394 , 813, 4, '225.00', '2023-05-06'),
(395 , 959, 2, '2700.00', '2023-07-09'),
(396 , 882, 2, '900.00', '2023-12-22'),
(397 , 783, 4, '200.00', '2023-10-18'),
(398 , 491, 4, '2500.00', '2023-01-15'),
(399 , 82, 4, '3000.00', '2023-10-22'),
(400 , 169, 2, '375.00', '2023-05-26'),
(401 , 311, 1, '2000.00', '2023-08-18'),
(402 , 951, 4, '1794.00', '2023-01-02'),
(403 , 350, 2, '3000.00', '2023-11-12'),
(404 , 856, 1, '525.00', '2023-11-15'),
(405 , 207, 2, '100.00', '2023-01-12'),
(406 , 436, 5, '200.00', '2023-11-21'),
(407 , 187, 1, '525.00', '2023-02-26'),
(408 , 184, 1, '1000.00', '2023-01-05'),
(409 , 37, 4, '900.00', '2023-11-12'),
(410 , 558, 3, '2500.00', '2023-08-15'),
(411 , 841, 2, '750.00', '2023-05-02'),
(412 , 991, 2, '600.00', '2023-05-04'),
(413 , 570, 5, '897.00', '2023-12-14'),
(414 , 584, 2, '150.00', '2023-05-06'),
(415 , 115, 1, '299.00', '2023-05-11'),
(416 , 623, 5, '375.00', '2023-01-09'),
(417 , 474, 5, '1196.00', '2023-12-13'),
(418 , 646, 2, '400.00', '2023-09-03'),
(419 , 792, 4, '2400.00', '2023-11-21'),
(420 , 282, 1, '2500.00', '2023-11-04'),
(421 , 269, 1, '1200.00', '2023-05-21'),
(422 , 41, 4, '3000.00', '2023-09-20'),
(423 , 536, 5, '1200.00', '2023-04-13'),
(424 , 596, 2, '1350.00', '2023-09-22'),
(425 , 729, 3, '1750.00', '2023-01-05'),
(426 , 939, 3, '2400.00', '2023-08-16'),
(427 , 850, 2, '1200.00', '2023-10-10'),
(428 , 885, 4, '6000.00', '2023-08-03'),
(429 , 380, 5, '525.00', '2023-10-26'),
(430 , 154, 2, '4200.00', '2023-06-01'),
(431 , 99, 3, '525.00', '2023-08-04'),
(432 , 339, 4, '4200.00', '2023-09-11'),
(433 , 811, 5, '300.00', '2023-01-28'),
(434 , 247, 4, '700.00', '2023-01-08'),
(435 , 266, 5, '2700.00', '2023-07-13'),
(436 , 139, 4, '150.00', '2023-09-26'),
(437 , 157, 2, '1000.00', '2023-09-27'),
(438 , 428, 1, '1750.00', '2023-07-17'),
(439 , 396, 5, '4500.00', '2023-11-19'),
(440 , 26, 4, '600.00', '2023-05-15'),
(441 , 465, 2, '2100.00', '2023-12-25'),
(442 , 848, 3, '1000.00', '2023-10-14'),
(443 , 335, 4, '375.00', '2023-06-15'),
(444 , 225, 3, '175.00', '2023-10-19'),
(445 , 697, 1, '1495.00', '2023-09-21'),
(446 , 868, 2, '1196.00', '2023-01-22'),
(447 , 458, 5, '500.00', '2023-08-12'),
(448 , 429, 5, '5400.00', '2023-04-22'),
(449 , 777, 1, '500.00', '2023-04-14'),
(450 , 819, 3, '250.00', '2023-03-11'),
(451 , 478, 1, '600.00', '2023-05-15'),
(452 , 368, 4, '4500.00', '2023-04-10'),
(453 , 375, 1, '1050.00', '2023-11-05'),
(454 , 467, 1, '1400.00', '2023-07-08'),
(455 , 606, 1, '500.00', '2023-05-15'),
(456 , 301, 4, '800.00', '2023-03-07'),
(457 , 158, 2, '1050.00', '2023-09-12'),
(458 , 388, 3, '900.00', '2023-02-16'),
(459 , 916, 5, '525.00', '2023-03-17'),
(460 , 739, 5, '150.00', '2023-04-05'),
(461 , 221, 3, '150.00', '2023-09-23'),
(462 , 393, 2, '350.00', '2023-02-24'),
(463 , 619, 2, '500.00', '2023-02-03'),
(464 , 703, 4, '2100.00', '2023-10-18'),
(465 , 921, 2, '375.00', '2023-11-22'),
(466 , 357, 4, '600.00', '2023-04-13'),
(467 , 156, 4, '300.00', '2023-10-10'),
(468 , 127, 2, '175.00', '2023-01-15'),
(469 , 69, 5, '3000.00', '2023-08-17'),
(470 , 540, 5, '2000.00', '2023-02-28'),
(471 , 481, 3, '250.00', '2023-11-15'),
(472 , 17, 3, '100.00', '2023-01-28'),
(473 , 237, 1, '3000.00', '2023-05-17'),
(474 , 654, 4, '875.00', '2023-06-17'),
(475 , 940, 5, '225.00', '2023-02-15'),
(476 , 923, 4, '225.00', '2023-09-09'),
(477 , 210, 3, '200.00', '2023-09-08'),
(478 , 252, 2, '750.00', '2023-09-13'),
(479 , 688, 4, '5000.00', '2023-06-04'),
(480 , 224, 3, '4200.00', '2023-02-14'),
(481 , 865, 4, '150.00', '2023-10-13'),
(482 , 452, 1, '50.00', '2023-05-06'),
(483 , 332, 2, '1050.00', '2023-04-11'),
(484 , 764, 2, '900.00', '2023-11-08'),
(485 , 672, 3, '600.00', '2023-07-09'),
(486 , 571, 2, '1350.00', '2023-10-15'),
(487 , 671, 5, '200.00', '2023-12-01'),
(488 , 804, 3, '2000.00', '2023-01-02'),
(489 , 662, 3, '1200.00', '2023-03-19'),
(490 , 620, 2, '450.00', '2023-02-24'),
(491 , 505, 1, '300.00', '2023-11-12'),
(492 , 498, 5, '875.00', '2023-09-03'),
(493 , 445, 4, '4200.00', '2023-03-25'),
(494 , 681, 3, '1000.00', '2023-08-11'),
(495 , 160, 5, '3588.00', '2023-11-27'),
(496 , 89, 3, '750.00', '2023-09-01'),
(497 , 362, 1, '600.00', '2023-03-08'),
(498 , 679, 4, '400.00', '2023-12-11'),
(499 , 135, 3, '600.00', '2023-10-28'),
(500 , 233, 5, '1250.00', '2023-12-08'),
(501 , 54, 3, '100.00', '2023-06-23'),
(502 , 370, 4, '500.00', '2023-04-27'),
(503 , 267, 3, '4500.00', '2023-03-15'),
(504 , 232, 5, '700.00', '2023-06-26'),
(505 , 799, 4, '4200.00', '2023-01-23'),
(506 , 262, 3, '1000.00', '2023-08-22'),
(507 , 685, 4, '800.00', '2023-02-24'),
(508 , 361, 5, '750.00', '2023-11-09'),
(509 , 669, 2, '1500.00', '2023-04-12'),
(510 , 46, 2, '100.00', '2023-11-22'),
(511 , 692, 5, '750.00', '2023-11-08'),
(512 , 928, 1, '500.00', '2023-01-12'),
(513 , 464, 5, '1750.00', '2023-04-27'),
(514 , 114, 2, '300.00', '2023-10-02'),
(515 , 462, 1, '750.00', '2023-05-15'),
(516 , 111, 1, '2500.00', '2023-08-23'),
(517 , 197, 2, '150.00', '2023-05-25'),
(518 , 794, 5, '2100.00', '2023-01-11'),
(519 , 276, 5, '2400.00', '2023-04-08'),
(520 , 737, 2, '2000.00', '2023-05-28'),
(521 , 326, 5, '300.00', '2023-09-13'),
(522 , 295, 2, '1000.00', '2023-01-15'),
(523 , 992, 2, '3000.00', '2023-01-15'),
(524 , 884, 2, '250.00', '2023-12-07'),
(525 , 984, 3, '350.00', '2023-01-01'),
(526 , 869, 3, '150.00', '2023-01-28'),
(527 , 943, 3, '900.00', '2023-08-17'),
(528 , 12, 1, '1750.00', '2023-10-02'),
(529 , 960, 3, '400.00', '2023-07-02'),
(530 , 565, 1, '700.00', '2023-04-19'),
(531 , 970, 5, '500.00', '2023-03-05'),
(532 , 403, 1, '1250.00', '2023-04-20'),
(533 , 95, 5, '1000.00', '2023-03-24'),
(534 , 701, 2, '900.00', '2023-04-21'),
(535 , 394, 2, '900.00', '2023-08-09'),
(536 , 112, 1, '3000.00', '2023-08-04'),
(537 , 56, 5, '5400.00', '2023-11-28'),
(538 , 229, 1, '100.00', '2023-06-08'),
(539 , 557, 4, '600.00', '2023-11-05'),
(540 , 440, 5, '1500.00', '2023-08-22'),
(541 , 705, 1, '450.00', '2023-01-14'),
(542 , 293, 3, '200.00', '2023-11-01'),
(543 , 336, 2, '1000.00', '2023-09-09'),
(544 , 419, 3, '5400.00', '2023-02-28'),
(545 , 883, 2, '450.00', '2023-02-22'),
(546 , 65, 3, '300.00', '2023-09-01'),
(547 , 511, 4, '175.00', '2023-12-23'),
(548 , 414, 4, '300.00', '2023-09-27'),
(549 , 740, 5, '300.00', '2023-11-02'),
(550 , 15, 5, '1750.00', '2023-03-08'),
(551 , 424, 4, '700.00', '2023-05-02'),
(552 , 199, 2, '1500.00', '2023-07-03'),
(553 , 192, 4, '875.00', '2023-12-17'),
(554 , 264, 2, '1200.00', '2023-02-03'),
(555 , 431, 5, '1495.00', '2023-09-11'),
(556 , 649, 5, '5400.00', '2023-07-10'),
(557 , 83, 2, '1750.00', '2023-10-25'),
(558 , 170, 3, '250.00', '2023-08-06'),
(559 , 767, 2, '1196.00', '2023-08-18'),
(560 , 854, 2, '400.00', '2023-06-09'),
(561 , 343, 2, '350.00', '2023-10-07'),
(562 , 733, 3, '2100.00', '2023-07-24'),
(563 , 196, 4, '1800.00', '2023-04-16'),
(564 , 625, 3, '750.00', '2023-03-26'),
(565 , 690, 4, '5400.00', '2023-04-07'),
(566 , 103, 4, '1200.00', '2023-10-08'),
(567 , 138, 4, '400.00', '2023-11-13'),
(568 , 631, 2, '450.00', '2023-10-04'),
(569 , 236, 1, '1400.00', '2023-08-24'),
(570 , 687, 1, '900.00', '2023-05-17'),
(571 , 470, 1, '50.00', '2023-04-02'),
(572 , 933, 5, '150.00', '2023-01-06'),
(573 , 209, 5, '4200.00', '2023-04-20'),
(574 , 907, 2, '3000.00', '2023-08-10'),
(575 , 539, 5, '1495.00', '2023-08-17'),
(576 , 190, 3, '1800.00', '2023-10-16'),
(577 , 92, 5, '1000.00', '2023-08-16'),
(578 , 310, 4, '2700.00', '2023-07-18'),
(579 , 706, 2, '600.00', '2023-08-04'),
(580 , 985, 3, '1400.00', '2023-06-23'),
(581 , 422, 3, '200.00', '2023-08-07'),
(582 , 859, 4, '250.00', '2023-11-22'),
(583 , 303, 4, '300.00', '2023-11-07'),
(584 , 128, 2, '400.00', '2023-02-25'),
(585 , 16, 5, '250.00', '2023-08-23'),
(586 , 316, 3, '200.00', '2023-01-06'),
(587 , 563, 3, '1250.00', '2023-04-07'),
(588 , 251, 2, '450.00', '2023-05-11'),
(589 , 476, 5, '500.00', '2023-05-04'),
(590 , 750, 1, '750.00', '2023-06-14'),
(591 , 90, 2, '600.00', '2023-02-15'),
(592 , 517, 3, '150.00', '2023-03-02'),
(593 , 189, 5, '175.00', '2023-09-21'),
(594 , 71, 3, '1800.00', '2023-04-24'),
(595 , 503, 5, '400.00', '2023-03-09'),
(596 , 798, 3, '450.00', '2023-07-05'),
(597 , 260, 1, '1000.00', '2023-04-13'),
(598 , 216, 4, '700.00', '2023-05-28'),
(599 , 87, 1, '1794.00', '2023-04-06'),
(600 , 890, 5, '750.00', '2023-08-03'),
(601 , 988, 5, '750.00', '2023-02-24'),
(602 , 762, 1, '1800.00', '2023-10-24'),
(603 , 569, 3, '500.00', '2023-05-02'),
(604 , 246, 2, '250.00', '2023-07-07'),
(605 , 827, 3, '1750.00', '2023-09-24'),
(606 , 443, 5, '600.00', '2023-12-22'),
(607 , 670, 1, '350.00', '2023-03-27'),
(608 , 720, 5, '500.00', '2023-02-05'),
(609 , 648, 1, '5400.00', '2023-01-05'),
(610 , 291, 1, '250.00', '2023-11-03'),
(611 , 979, 1, '1000.00', '2023-06-26'),
(612 , 836, 4, '2100.00', '2023-10-18'),
(613 , 334, 3, '2400.00', '2023-12-13'),
(614 , 973, 1, '100.00', '2023-04-24'),
(615 , 306, 3, '4200.00', '2023-07-06'),
(616 , 645, 1, '300.00', '2023-10-09'),
(617 , 57, 2, '700.00', '2023-12-12'),
(618 , 608, 5, '3588.00', '2023-01-07'),
(619 , 75, 1, '600.00', '2023-07-20'),
(620 , 805, 5, '175.00', '2023-01-20'),
(621 , 932, 3, '75.00', '2023-06-07'),
(622 , 263, 1, '1800.00', '2023-05-01'),
(623 , 604, 1, '1750.00', '2023-12-09'),
(624 , 150, 1, '3000.00', '2023-02-23'),
(625 , 351, 3, '100.00', '2023-10-27'),
(626 , 952, 2, '375.00', '2023-11-16'),
(627 , 910, 2, '2500.00', '2023-11-09'),
(628 , 588, 3, '3000.00', '2023-02-09'),
(629 , 997, 4, '750.00', '2023-08-19'),
(630 , 472, 3, '900.00', '2023-08-08'),
(631 , 601, 4, '5000.00', '2023-07-01'),
(632 , 547, 4, '100.00', '2023-04-18'),
(633 , 121, 3, '1000.00', '2023-01-06'),
(634 , 245, 5, '600.00', '2023-02-24'),
(635 , 861, 5, '1000.00', '2023-04-01'),
(636 , 950, 1, '2250.00', '2023-01-06'),
(637 , 821, 1, '900.00', '2023-04-26'),
(638 , 597, 4, '450.00', '2023-10-09'),
(639 , 817, 5, '100.00', '2023-04-06'),
(640 , 912, 4, '600.00', '2023-07-14'),
(641 , 446, 5, '1750.00', '2023-08-12'),
(642 , 468, 4, '3588.00', '2023-02-16'),
(643 , 494, 1, '150.00', '2023-03-05'),
(644 , 120, 1, '500.00', '2023-08-25'),
(645 , 886, 2, '2700.00', '2023-07-18'),
(646 , 948, 1, '350.00', '2023-06-27'),
(647 , 47, 5, '525.00', '2023-07-21'),
(648 , 496, 1, '50.00', '2023-05-17'),
(649 , 787, 1, '1500.00', '2023-09-03'),
(650 , 723, 2, '1495.00', '2023-01-15'),
(651 , 775, 1, '1500.00', '2023-05-10'),
(652 , 728, 4, '900.00', '2023-06-16'),
(653 , 399, 5, '1800.00', '2023-02-05'),
(654 , 33, 4, '500.00', '2023-10-21'),
(655 , 537, 1, '1350.00', '2023-09-25'),
(656 , 131, 5, '4500.00', '2023-04-16'),
(657 , 718, 5, '150.00', '2023-04-07'),
(658 , 218, 2, '350.00', '2023-10-14'),
(659 , 180, 3, '299.00', '2023-11-06'),
(660 , 244, 5, '1750.00', '2023-08-04'),
(661 , 632, 3, '1196.00', '2023-08-18'),
(662 , 454, 3, '1050.00', '2023-07-16'),
(663 , 52, 1, '200.00', '2023-02-26'),
(664 , 598, 4, '400.00', '2023-08-08'),
(665 , 487, 1, '400.00', '2023-01-25'),
(666 , 140, 2, '900.00', '2023-12-21'),
(667 , 456, 3, '6000.00', '2023-01-18'),
(668 , 533, 5, '1200.00', '2023-03-15'),
(669 , 5, 1, '1400.00', '2023-10-03'),
(670 , 278, 2, '100.00', '2023-10-04'),
(671 , 106, 2, '299.00', '2023-08-10'),
(672 , 643, 4, '3000.00', '2023-12-12'),
(673 , 644, 3, '6000.00', '2023-05-14'),
(674 , 299, 4, '1400.00', '2023-11-10'),
(675 , 844, 4, '299.00', '2023-07-11'),
(676 , 633, 4, '2500.00', '2023-08-05'),
(677 , 148, 3, '1400.00', '2023-11-05'),
(678 , 595, 3, '150.00', '2023-08-07'),
(679 , 614, 4, '350.00', '2023-04-16'),
(680 , 512, 2, '1000.00', '2023-05-01'),
(681 , 50, 2, '2990.00', '2023-11-12'),
(682 , 257, 4, '150.00', '2023-04-16'),
(683 , 345, 4, '300.00', '2023-07-25'),
(684 , 320, 4, '1350.00', '2023-02-05'),
(685 , 735, 4, '3500.00', '2023-07-17'),
(686 , 373, 3, '900.00', '2023-08-14'),
(687 , 743, 1, '3000.00', '2023-03-07'),
(688 , 7, 4, '1500.00', '2023-02-02'),
(689 , 405, 3, '750.00', '2023-02-22'),
(690 , 49, 5, '150.00', '2023-07-18'),
(691 , 538, 4, '75.00', '2023-06-19'),
(692 , 520, 1, '1000.00', '2023-10-05'),
(693 , 605, 3, '500.00', '2023-08-03'),
(694 , 578, 5, '375.00', '2023-09-10'),
(695 , 810, 5, '2990.00', '2023-12-14'),
(696 , 203, 3, '450.00', '2023-06-17'),
(697 , 594, 2, '1500.00', '2023-01-27'),
(698 , 712, 1, '50.00', '2023-04-05'),
(699 , 367, 1, '400.00', '2023-03-10'),
(700 , 609, 1, '750.00', '2023-01-09'),
(701 , 85, 2, '500.00', '2023-01-27'),
(702 , 151, 3, '900.00', '2023-02-15'),
(703 , 331, 1, '200.00', '2023-02-17'),
(704 , 745, 3, '750.00', '2023-03-25'),
(705 , 656, 3, '1800.00', '2023-04-26'),
(706 , 497, 3, '1000.00', '2023-04-10'),
(707 , 198, 4, '1000.00', '2023-01-24'),
(708 , 832, 1, '1400.00', '2023-07-21'),
(709 , 897, 3, '1500.00', '2023-02-04'),
(710 , 879, 1, '4200.00', '2023-09-27'),
(711 , 492, 4, '875.00', '2023-04-24'),
(712 , 459, 5, '1196.00', '2023-07-02'),
(713 , 815, 2, '300.00', '2023-01-25'),
(714 , 851, 5, '1196.00', '2023-04-04'),
(715 , 364, 1, '2500.00', '2023-09-06'),
(716 , 949, 4, '2100.00', '2023-02-13'),
(717 , 137, 4, '4200.00', '2023-09-06'),
(718 , 292, 1, '1250.00', '2023-08-14'),
(719 , 901, 3, '1800.00', '2023-10-03'),
(720 , 994, 1, '1350.00', '2023-11-13'),
(721 , 808, 1, '1250.00', '2023-08-26'),
(722 , 715, 2, '300.00', '2023-02-13'),
(723 , 616, 2, '300.00', '2023-10-27'),
(724 , 215, 3, '800.00', '2023-05-18'),
(725 , 67, 3, '350.00', '2023-09-02'),
(726 , 283, 5, '400.00', '2023-08-17'),
(727 , 754, 3, '900.00', '2023-09-13'),
(728 , 342, 4, '2500.00', '2023-10-10'),
(729 , 920, 5, '750.00', '2023-04-09'),
(730 , 261, 5, '1250.00', '2023-09-20'),
(731 , 659, 2, '400.00', '2023-04-20'),
(732 , 413, 4, '3500.00', '2023-01-23'),
(733 , 254, 1, '300.00', '2023-06-26'),
(734 , 369, 1, '3000.00', '2023-05-28'),
(735 , 21, 1, '1794.00', '2023-03-21'),
(736 , 752, 1, '3000.00', '2023-01-25'),
(737 , 999, 2, '600.00', '2023-12-21'),
(738 , 660, 2, '800.00', '2023-09-21'),
(739 , 661, 3, '1000.00', '2023-03-26'),
(740 , 432, 1, '1350.00', '2023-07-19'),
(741 , 888, 3, '1495.00', '2023-04-17'),
(742 , 501, 4, '598.00', '2023-10-07'),
(743 , 763, 3, '800.00', '2023-12-15'),
(744 , 778, 2, '3500.00', '2023-04-24'),
(745 , 954, 3, '200.00', '2023-11-20'),
(746 , 995, 4, '2990.00', '2023-06-08'),
(747 , 599, 1, '300.00', '2023-10-12'),
(748 , 194, 3, '1400.00', '2023-03-19'),
(749 , 404, 1, '600.00', '2023-09-15'),
(750 , 141, 5, '1000.00', '2023-02-22'),
(751 , 789, 5, '500.00', '2023-06-06'),
(752 , 155, 2, '1500.00', '2023-11-02'),
(753 , 849, 2, '2000.00', '2023-03-01'),
(754 , 123, 5, '600.00', '2023-08-03'),
(755 , 88, 3, '1500.00', '2023-05-22'),
(756 , 77, 2, '875.00', '2023-10-14'),
(757 , 195, 4, '875.00', '2023-10-13'),
(758 , 522, 2, '2500.00', '2023-03-14'),
(759 , 747, 3, '1000.00', '2023-06-26'),
(760 , 466, 5, '1800.00', '2023-02-04'),
(761 , 290, 1, '897.00', '2023-01-08'),
(762 , 344, 4, '1250.00', '2023-05-16'),
(763 , 682, 1, '100.00', '2023-10-13'),
(764 , 602, 3, '800.00', '2023-11-22'),
(765 , 435, 3, '2400.00', '2023-09-24'),
(766 , 144, 2, '100.00', '2023-08-17'),
(767 , 544, 5, '3500.00', '2023-05-23'),
(768 , 479, 2, '400.00', '2023-09-10'),
(769 , 677, 1, '1196.00', '2023-10-28'),
(770 , 680, 1, '150.00', '2023-09-19'),
(771 , 858, 5, '5000.00', '2023-09-24'),
(772 , 381, 4, '750.00', '2023-09-27'),
(773 , 711, 1, '750.00', '2023-09-01'),
(774 , 582, 2, '600.00', '2023-08-10'),
(775 , 296, 1, '1750.00', '2023-01-12'),
(776 , 527, 2, '225.00', '2023-03-19'),
(777 , 294, 3, '2100.00', '2023-05-15'),
(778 , 502, 5, '375.00', '2023-11-17'),
(779 , 59, 5, '500.00', '2023-01-16'),
(780 , 694, 4, '2700.00', '2023-10-13'),
(781 , 324, 3, '400.00', '2023-04-08'),
(782 , 526, 3, '1200.00', '2023-07-15'),
(783 , 581, 1, '200.00', '2023-12-02'),
(784 , 353, 2, '3000.00', '2023-03-05'),
(785 , 201, 4, '100.00', '2023-05-22'),
(786 , 824, 3, '4500.00', '2023-06-24'),
(787 , 719, 4, '3000.00', '2023-05-02'),
(788 , 708, 4, '450.00', '2023-11-03'),
(789 , 989, 3, '3000.00', '2023-03-12'),
(790 , 62, 3, '2250.00', '2023-11-22'),
(791 , 30, 2, '1800.00', '2023-12-12'),
(792 , 722, 1, '300.00', '2023-07-12'),
(793 , 564, 4, '350.00', '2023-02-09'),
(794 , 356, 2, '600.00', '2023-06-22'),
(795 , 463, 1, '250.00', '2023-03-26'),
(796 , 969, 1, '1500.00', '2023-11-28'),
(797 , 770, 5, '375.00', '2023-12-19'),
(798 , 744, 4, '400.00', '2023-08-11'),
(799 , 860, 5, '600.00', '2023-01-16'),
(800 , 586, 4, '897.00', '2023-08-19'),
(801 , 109, 2, '500.00', '2023-07-09'),
(802 , 650, 5, '2500.00', '2023-04-13'),
(803 , 113, 1, '500.00', '2023-09-08'),
(804 , 275, 5, '50.00', '2023-04-07'),
(805 , 553, 1, '5400.00', '2023-12-04'),
(806 , 611, 3, '2990.00', '2023-03-16'),
(807 , 206, 4, '2500.00', '2023-11-23'),
(808 , 667, 4, '3000.00', '2023-09-06'),
(809 , 721, 2, '150.00', '2023-02-20'),
(810 , 535, 5, '1350.00', '2023-09-08'),
(811 , 333, 5, '225.00', '2023-06-05'),
(812 , 964, 4, '1000.00', '2023-04-25'),
(813 , 803, 4, '2000.00', '2023-08-19'),
(814 , 652, 3, '300.00', '2023-07-17'),
(815 , 618, 4, '2400.00', '2023-12-11'),
(816 , 110, 3, '2990.00', '2023-08-15'),
(817 , 1000, 1, '2990.00', '2023-09-11'),
(818 , 145, 2, '200.00', '2023-02-01'),
(819 , 957, 4, '400.00', '2023-06-19'),
(820 , 552, 1, '2400.00', '2023-11-21'),
(821 , 401, 3, '2400.00', '2023-11-08'),
(822 , 774, 2, '350.00', '2023-10-14'),
(823 , 231, 2, '450.00', '2023-03-19'),
(824 , 13, 4, '2500.00', '2023-08-09'),
(825 , 891, 1, '875.00', '2023-08-22'),
(826 , 776, 1, '1050.00', '2023-07-14'),
(827 , 838, 5, '2700.00', '2023-02-11'),
(828 , 457, 2, '400.00', '2023-09-20'),
(829 , 390, 3, '6000.00', '2023-12-13'),
(830 , 230, 5, '6000.00', '2023-10-05'),
(831 , 4, 1, '450.00', '2023-07-03'),
(832 , 765, 5, '800.00', '2023-05-24'),
(833 , 629, 1, '500.00', '2023-03-05'),
(834 , 806, 5, '250.00', '2023-10-16'),
(835 , 875, 1, '2250.00', '2023-08-13'),
(836 , 28, 4, '300.00', '2023-03-13'),
(837 , 549, 1, '1050.00', '2023-08-26'),
(838 , 915, 3, '1250.00', '2023-05-23'),
(839 , 857, 4, '175.00', '2023-11-20'),
(840 , 607, 2, '450.00', '2023-10-13'),
(841 , 125, 5, '1750.00', '2023-10-18'),
(842 , 780, 1, '350.00', '2023-05-19'),
(843 , 358, 5, '50.00', '2023-12-08'),
(844 , 330, 2, '2250.00', '2023-07-23'),
(845 , 768, 5, '2500.00', '2023-12-18'),
(846 , 895, 2, '1000.00', '2023-07-18'),
(847 , 593, 5, '500.00', '2023-11-17'),
(848 , 442, 3, '1400.00', '2023-11-20'),
(849 , 450, 5, '1200.00', '2023-05-17'),
(850 , 398, 3, '150.00', '2023-03-04'),
(851 , 568, 2, '900.00', '2023-02-01'),
(852 , 657, 5, '500.00', '2023-11-27'),
(853 , 990, 3, '525.00', '2023-02-20'),
(854 , 475, 4, '200.00', '2023-02-19'),
(855 , 94, 3, '200.00', '2023-08-09'),
(856 , 23, 5, '700.00', '2023-02-04'),
(857 , 91, 4, '300.00', '2023-08-14'),
(858 , 834, 5, '600.00', '2023-06-28'),
(859 , 73, 2, '1000.00', '2023-09-23'),
(860 , 877, 4, '1196.00', '2023-02-01'),
(861 , 359, 4, '500.00', '2023-04-17'),
(862 , 978, 1, '600.00', '2023-03-25'),
(863 , 441, 2, '3500.00', '2023-08-06'),
(864 , 258, 4, '900.00', '2023-12-13'),
(865 , 842, 5, '400.00', '2023-01-25'),
(866 , 177, 2, '1750.00', '2023-03-18'),
(867 , 100, 5, '2000.00', '2023-07-12'),
(868 , 304, 1, '175.00', '2023-01-18'),
(869 , 305, 2, '450.00', '2023-01-08'),
(870 , 270, 5, '900.00', '2023-11-17'),
(871 , 887, 2, '300.00', '2023-05-13'),
(872 , 489, 5, '2400.00', '2023-07-16'),
(873 , 86, 5, '350.00', '2023-03-13'),
(874 , 68, 5, '350.00', '2023-05-21'),
(875 , 81, 5, '250.00', '2023-01-14'),
(876 , 29, 5, '300.00', '2023-03-16'),
(877 , 870, 2, '400.00', '2023-04-24'),
(878 , 554, 3, '1050.00', '2023-10-22'),
(879 , 917, 3, '1200.00', '2023-04-09'),
(880 , 6, 3, '600.00', '2023-05-05'),
(881 , 726, 5, '450.00', '2023-02-03'),
(882 , 223, 1, '500.00', '2023-08-11'),
(883 , 612, 1, '1200.00', '2023-06-24'),
(884 , 759, 2, '1200.00', '2023-09-02'),
(885 , 240, 1, '3500.00', '2023-07-07'),
(886 , 312, 2, '2500.00', '2023-09-14'),
(887 , 280, 3, '1500.00', '2023-06-28'),
(888 , 963, 2, '2100.00', '2023-11-12'),
(889 , 772, 3, '250.00', '2023-06-24'),
(890 , 430, 5, '6000.00', '2023-12-04'),
(891 , 226, 4, '598.00', '2023-02-03'),
(892 , 786, 5, '500.00', '2023-11-22'),
(893 , 942, 3, '1500.00', '2023-03-01'),
(894 , 788, 1, '6000.00', '2023-11-28'),
(895 , 61, 2, '2990.00', '2023-12-18'),
(896 , 66, 3, '897.00', '2023-12-13'),
(897 , 253, 1, '3500.00', '2023-06-19'),
(898 , 686, 4, '5400.00', '2023-12-13'),
(899 , 407, 2, '1495.00', '2023-05-17'),
(900 , 153, 5, '1250.00', '2023-09-26'),
(901 , 630, 4, '100.00', '2023-06-08'),
(902 , 395, 3, '450.00', '2023-03-28'),
(903 , 317, 4, '500.00', '2023-07-26'),
(904 , 658, 4, '2100.00', '2023-07-15'),
(905 , 738, 5, '875.00', '2023-06-01'),
(906 , 944, 4, '3000.00', '2023-02-12'),
(907 , 592, 2, '750.00', '2023-12-03'),
(908 , 172, 5, '5000.00', '2023-08-06'),
(909 , 736, 1, '4200.00', '2023-05-17'),
(910 , 400, 1, '1800.00', '2023-09-15'),
(911 , 165, 3, '3588.00', '2023-04-17'),
(912 , 72, 5, '300.00', '2023-11-19'),
(913 , 412, 1, '900.00', '2023-04-19'),
(914 , 1, 4, '5000.00', '2023-02-09'),
(915 , 297, 5, '3000.00', '2023-07-05'),
(916 , 515, 4, '225.00', '2023-06-17'),
(917 , 872, 3, '2400.00', '2023-07-16'),
(918 , 242, 2, '600.00', '2023-05-23'),
(919 , 58, 3, '2100.00', '2023-11-20'),
(920 , 903, 4, '1050.00', '2023-05-09'),
(921 , 93, 4, '6000.00', '2023-09-14'),
(922 , 622, 1, '1200.00', '2023-08-22'),
(923 , 387, 2, '6000.00', '2023-05-13'),
(924 , 987, 2, '1250.00', '2023-01-12'),
(925 , 171, 1, '700.00', '2023-03-16'),
(926 , 314, 2, '400.00', '2023-04-08'),
(927 , 134, 4, '200.00', '2023-10-27'),
(928 , 818, 4, '299.00', '2023-07-01'),
(929 , 76, 4, '700.00', '2023-06-11'),
(930 , 473, 5, '2000.00', '2023-02-22'),
(931 , 587, 3, '100.00', '2023-03-14'),
(932 , 998, 5, '5400.00', '2023-10-02'),
(933 , 42, 3, '750.00', '2023-10-05'),
(934 , 814, 1, '100.00', '2023-11-22'),
(935 , 707, 4, '300.00', '2023-07-16'),
(936 , 152, 1, '1800.00', '2023-07-06'),
(937 , 977, 2, '1000.00', '2023-01-27'),
(938 , 513, 1, '1350.00', '2023-12-09'),
(939 , 684, 3, '400.00', '2023-05-20'),
(940 , 408, 1, '3588.00', '2023-12-20'),
(941 , 714, 5, '500.00', '2023-10-18'),
(942 , 78, 2, '2100.00', '2023-03-13'),
(943 , 287, 1, '350.00', '2023-04-03'),
(944 , 797, 5, '2100.00', '2023-03-02'),
(945 , 795, 5, '600.00', '2023-01-11'),
(946 , 766, 1, '1196.00', '2023-10-09'),
(947 , 637, 1, '150.00', '2023-08-28'),
(948 , 864, 5, '700.00', '2023-12-28'),
(949 , 971, 2, '750.00', '2023-06-18'),
(950 , 709, 2, '1050.00', '2023-10-09'),
(951 , 397, 5, '375.00', '2023-12-21'),
(952 , 271, 3, '897.00', '2023-05-15'),
(953 , 871, 5, '1200.00', '2023-06-12'),
(954 , 508, 1, '200.00', '2023-03-01'),
(955 , 746, 1, '500.00', '2023-02-19'),
(956 , 179, 5, '50.00', '2023-04-16'),
(957 , 228, 2, '1050.00', '2023-07-03'),
(958 , 366, 1, '2100.00', '2023-01-28'),
(959 , 996, 3, '150.00', '2023-04-26'),
(960 , 760, 4, '75.00', '2023-12-25'),
(961 , 53, 4, '500.00', '2023-05-08'),
(962 , 174, 4, '500.00', '2023-01-12'),
(963 , 876, 5, '75.00', '2023-05-28'),
(964 , 377, 4, '750.00', '2023-04-08'),
(965 , 802, 1, '450.00', '2023-01-16'),
(966 , 248, 5, '299.00', '2023-09-22'),
(967 , 731, 3, '1350.00', '2023-05-04'),
(968 , 40, 1, '875.00', '2023-12-04'),
(969 , 374, 1, '900.00', '2023-09-24'),
(970 , 222, 2, '350.00', '2023-11-11'),
(971 , 453, 3, '1196.00', '2023-01-16'),
(972 , 896, 3, '4500.00', '2023-07-28'),
(973 , 751, 1, '1000.00', '2023-07-16'),
(974 , 696, 5, '600.00', '2023-08-03'),
(975 , 773, 1, '450.00', '2023-06-15'),
(976 , 756, 4, '600.00', '2023-07-11'),
(977 , 205, 1, '100.00', '2023-07-14'),
(978 , 577, 4, '500.00', '2023-04-20'),
(979 , 986, 5, '500.00', '2023-04-21'),
(980 , 448, 2, '1750.00', '2023-12-19'),
(981 , 675, 2, '1050.00', '2023-05-27'),
(982 , 845, 4, '1050.00', '2023-07-06'),
(983 , 202, 1, '1000.00', '2023-10-19'),
(984 , 204, 3, '897.00', '2023-02-20'),
(985 , 420, 1, '300.00', '2023-03-14'),
(986 , 277, 2, '6000.00', '2023-09-24'),
(987 , 542, 1, '175.00', '2023-04-16'),
(988 , 674, 1, '200.00', '2023-02-18'),
(989 , 678, 1, '500.00', '2023-05-08'),
(990 , 447, 5, '875.00', '2023-10-13'),
(991 , 532, 3, '525.00', '2023-06-04'),
(992 , 919, 1, '1800.00', '2023-06-15'),
(993 , 439, 1, '2000.00', '2023-07-12'),
(994 , 853, 3, '1800.00', '2023-08-01'),
(995 , 389, 4, '1000.00', '2023-05-23'),
(996 , 980, 3, '50.00', '2023-05-11'),
(997 , 647, 4, '400.00', '2023-04-24'),
(998 , 962, 3, '1050.00', '2023-07-23'),
(999 , 534, 1, '350.00', '2023-01-04'),
(1000 , 862, 4, '500.00', '2023-10-15');


--Tabla ‘juguete’
INSERT INTO juguete(id_juguete, precio_juguete)
VALUES
(1, '250.00'),
(2, '150.00'),
(3, '175.00'),
(4, '75.00'),
(5, '100.00'),
(6, '150.00'),
(7, '150.00'),
(8, '500.00'),
(9, '150.00'),
(10, '200.00'),
(11, '299.00'),
(12, '450.00'),
(13, '500.00'),
(14, '100.00'),
(15, '450.00'),
(16, '450.00'),
(17, '500.00'),
(18, '50.00'),
(19, '75.00'),
(20, '500.00'),
(21, '450.00'),
(22, '175.00'),
(23, '250.00'),
(24, '50.00'),
(25, '299.00'),
(26, '299.00'),
(27, '100.00'),
(28, '350.00'),
(29, '299.00'),
(30, '50.00'),
(31, '350.00'),
(32, '350.00'),
(33, '50.00'),
(34, '450.00'),
(35, '450.00'),
(36, '250.00'),
(37, '100.00'),
(38, '150.00'),
(39, '50.00'),
(40, '500.00'),
(41, '450.00'),
(42, '75.00'),
(43, '100.00'),
(44, '100.00'),
(45, '250.00'),
(46, '100.00'),
(47, '250.00'),
(48, '299.00'),
(49, '200.00'),
(50, '100.00'),
(51, '450.00'),
(52, '150.00'),
(53, '450.00'),
(54, '200.00'),
(55, '350.00'),
(56, '100.00'),
(57, '175.00'),
(58, '200.00'),
(59, '150.00'),
(60, '75.00'),
(61, '299.00'),
(62, '250.00'),
(63, '250.00'),
(64, '200.00'),
(65, '75.00'),
(66, '100.00'),
(67, '250.00'),
(68, '175.00'),
(69, '350.00'),
(70, '175.00'),
(71, '299.00'),
(72, '450.00'),
(73, '450.00'),
(74, '450.00'),
(75, '250.00'),
(76, '500.00'),
(77, '450.00'),
(78, '500.00'),
(79, '250.00'),
(80, '75.00'),
(81, '200.00'),
(82, '250.00'),
(83, '100.00'),
(84, '200.00'),
(85, '50.00'),
(86, '350.00'),
(87, '250.00'),
(88, '200.00'),
(89, '500.00'),
(90, '175.00'),
(91, '200.00'),
(92, '450.00'),
(93, '75.00'),
(94, '50.00'),
(95, '175.00'),
(96, '75.00'),
(97, '299.00'),
(98, '350.00'),
(99, '75.00'),
(100, '250.00'),
(101, '75.00'),
(102, '150.00'),
(103, '299.00'),
(104, '500.00'),
(105, '500.00'),
(106, '100.00'),
(107, '450.00'),
(108, '200.00'),
(109, '100.00'),
(110, '100.00'),
(111, '450.00'),
(112, '350.00'),
(113, '250.00'),
(114, '100.00'),
(115, '450.00'),
(116, '350.00'),
(117, '250.00'),
(118, '250.00'),
(119, '350.00'),
(120, '350.00'),
(121, '500.00'),
(122, '175.00'),
(123, '175.00'),
(124, '150.00'),
(125, '350.00'),
(126, '299.00'),
(127, '250.00'),
(128, '350.00'),
(129, '450.00'),
(130, '50.00'),
(131, '50.00'),
(132, '299.00'),
(133, '100.00'),
(134, '200.00'),
(135, '175.00'),
(136, '500.00'),
(137, '200.00'),
(138, '299.00'),
(139, '250.00'),
(140, '350.00'),
(141, '350.00'),
(142, '175.00'),
(143, '100.00'),
(144, '299.00'),
(145, '175.00'),
(146, '350.00'),
(147, '175.00'),
(148, '200.00'),
(149, '450.00'),
(150, '250.00'),
(151, '500.00'),
(152, '200.00'),
(153, '150.00'),
(154, '150.00'),
(155, '450.00'),
(156, '250.00'),
(157, '299.00'),
(158, '500.00'),
(159, '100.00'),
(160, '150.00'),
(161, '150.00'),
(162, '50.00'),
(163, '50.00'),
(164, '100.00'),
(165, '75.00'),
(166, '450.00'),
(167, '50.00'),
(168, '200.00'),
(169, '75.00'),
(170, '100.00'),
(171, '50.00'),
(172, '75.00'),
(173, '250.00'),
(174, '450.00'),
(175, '450.00'),
(176, '500.00'),
(177, '100.00'),
(178, '250.00'),
(179, '350.00'),
(180, '50.00'),
(181, '75.00'),
(182, '50.00'),
(183, '299.00'),
(184, '500.00'),
(185, '175.00'),
(186, '50.00'),
(187, '250.00'),
(188, '450.00'),
(189, '75.00'),
(190, '150.00'),
(191, '50.00'),
(192, '50.00'),
(193, '150.00'),
(194, '200.00'),
(195, '50.00'),
(196, '500.00'),
(197, '450.00'),
(198, '450.00'),
(199, '450.00'),
(200, '299.00'),
(201, '500.00'),
(202, '350.00'),
(203, '150.00'),
(204, '175.00'),
(205, '500.00'),
(206, '500.00'),
(207, '450.00'),
(208, '500.00'),
(209, '450.00'),
(210, '250.00'),
(211, '75.00'),
(212, '150.00'),
(213, '150.00'),
(214, '299.00'),
(215, '175.00'),
(216, '175.00'),
(217, '350.00'),
(218, '200.00'),
(219, '50.00'),
(220, '100.00'),
(221, '75.00'),
(222, '75.00'),
(223, '100.00'),
(224, '50.00'),
(225, '50.00'),
(226, '50.00'),
(227, '100.00'),
(228, '200.00'),
(229, '50.00'),
(230, '250.00'),
(231, '75.00'),
(232, '100.00'),
(233, '450.00'),
(234, '75.00'),
(235, '500.00'),
(236, '150.00'),
(237, '100.00'),
(238, '250.00'),
(239, '50.00'),
(240, '50.00'),
(241, '450.00'),
(242, '350.00'),
(243, '500.00'),
(244, '175.00'),
(245, '450.00'),
(246, '299.00'),
(247, '200.00'),
(248, '75.00'),
(249, '50.00'),
(250, '100.00'),
(251, '175.00'),
(252, '350.00'),
(253, '175.00'),
(254, '200.00'),
(255, '200.00'),
(256, '450.00'),
(257, '75.00'),
(258, '299.00'),
(259, '75.00'),
(260, '200.00'),
(261, '100.00'),
(262, '100.00'),
(263, '175.00'),
(264, '500.00'),
(265, '200.00'),
(266, '200.00'),
(267, '250.00'),
(268, '50.00'),
(269, '500.00'),
(270, '500.00'),
(271, '150.00'),
(272, '100.00'),
(273, '150.00'),
(274, '50.00'),
(275, '75.00'),
(276, '75.00'),
(277, '50.00'),
(278, '175.00'),
(279, '450.00'),
(280, '75.00'),
(281, '200.00'),
(282, '350.00'),
(283, '500.00'),
(284, '150.00'),
(285, '450.00'),
(286, '299.00'),
(287, '200.00'),
(288, '500.00'),
(289, '299.00'),
(290, '299.00'),
(291, '350.00'),
(292, '200.00'),
(293, '350.00'),
(294, '299.00'),
(295, '75.00'),
(296, '299.00'),
(297, '350.00'),
(298, '450.00'),
(299, '50.00'),
(300, '350.00'),
(301, '500.00'),
(302, '450.00'),
(303, '75.00'),
(304, '350.00'),
(305, '500.00'),
(306, '250.00'),
(307, '250.00'),
(308, '100.00'),
(309, '175.00'),
(310, '250.00'),
(311, '250.00'),
(312, '299.00'),
(313, '200.00'),
(314, '150.00'),
(315, '50.00'),
(316, '299.00'),
(317, '450.00'),
(318, '75.00'),
(319, '175.00'),
(320, '350.00'),
(321, '75.00'),
(322, '75.00'),
(323, '200.00'),
(324, '350.00'),
(325, '150.00'),
(326, '150.00'),
(327, '299.00'),
(328, '50.00'),
(329, '150.00'),
(330, '200.00'),
(331, '350.00'),
(332, '150.00'),
(333, '100.00'),
(334, '50.00'),
(335, '175.00'),
(336, '100.00'),
(337, '500.00'),
(338, '75.00'),
(339, '100.00'),
(340, '250.00'),
(341, '299.00'),
(342, '450.00'),
(343, '200.00'),
(344, '500.00'),
(345, '175.00'),
(346, '500.00'),
(347, '75.00'),
(348, '450.00'),
(349, '50.00'),
(350, '100.00'),
(351, '450.00'),
(352, '150.00'),
(353, '200.00'),
(354, '150.00'),
(355, '450.00'),
(356, '250.00'),
(357, '200.00'),
(358, '50.00'),
(359, '500.00'),
(360, '450.00'),
(361, '75.00'),
(362, '175.00'),
(363, '250.00'),
(364, '100.00'),
(365, '450.00'),
(366, '350.00'),
(367, '250.00'),
(368, '100.00'),
(369, '75.00'),
(370, '350.00'),
(371, '150.00'),
(372, '500.00'),
(373, '175.00'),
(374, '150.00'),
(375, '500.00'),
(376, '75.00'),
(377, '200.00'),
(378, '175.00'),
(379, '50.00'),
(380, '200.00'),
(381, '200.00'),
(382, '350.00'),
(383, '250.00'),
(384, '50.00'),
(385, '450.00'),
(386, '75.00'),
(387, '250.00'),
(388, '150.00'),
(389, '200.00'),
(390, '500.00'),
(391, '299.00'),
(392, '150.00'),
(393, '450.00'),
(394, '100.00'),
(395, '150.00'),
(396, '75.00'),
(397, '200.00'),
(398, '75.00'),
(399, '75.00'),
(400, '75.00'),
(401, '250.00'),
(402, '175.00'),
(403, '50.00'),
(404, '250.00'),
(405, '50.00'),
(406, '200.00'),
(407, '75.00'),
(408, '299.00'),
(409, '175.00'),
(410, '50.00'),
(411, '75.00'),
(412, '500.00'),
(413, '50.00'),
(414, '450.00'),
(415, '250.00'),
(416, '200.00'),
(417, '150.00'),
(418, '150.00'),
(419, '50.00'),
(420, '75.00'),
(421, '150.00'),
(422, '250.00'),
(423, '50.00'),
(424, '350.00'),
(425, '75.00'),
(426, '450.00'),
(427, '450.00'),
(428, '200.00'),
(429, '350.00'),
(430, '450.00'),
(431, '200.00'),
(432, '200.00'),
(433, '299.00'),
(434, '450.00'),
(435, '100.00'),
(436, '75.00'),
(437, '500.00'),
(438, '250.00'),
(439, '250.00'),
(440, '299.00'),
(441, '100.00'),
(442, '150.00'),
(443, '299.00'),
(444, '50.00'),
(445, '100.00'),
(446, '175.00'),
(447, '450.00'),
(448, '450.00'),
(449, '500.00'),
(450, '350.00'),
(451, '250.00'),
(452, '350.00'),
(453, '100.00'),
(454, '50.00'),
(455, '175.00'),
(456, '350.00'),
(457, '50.00'),
(458, '200.00'),
(459, '500.00'),
(460, '200.00'),
(461, '175.00'),
(462, '299.00'),
(463, '175.00'),
(464, '100.00'),
(465, '175.00'),
(466, '150.00'),
(467, '100.00'),
(468, '100.00'),
(469, '100.00'),
(470, '200.00'),
(471, '299.00'),
(472, '200.00'),
(473, '350.00'),
(474, '50.00'),
(475, '350.00'),
(476, '75.00'),
(477, '299.00'),
(478, '100.00'),
(479, '250.00'),
(480, '200.00'),
(481, '500.00'),
(482, '100.00'),
(483, '450.00'),
(484, '100.00'),
(485, '150.00'),
(486, '450.00'),
(487, '50.00'),
(488, '450.00'),
(489, '100.00'),
(490, '200.00'),
(491, '75.00'),
(492, '500.00'),
(493, '250.00'),
(494, '50.00'),
(495, '75.00'),
(496, '350.00'),
(497, '500.00'),
(498, '350.00'),
(499, '100.00'),
(500, '50.00'),
(501, '75.00'),
(502, '50.00'),
(503, '50.00'),
(504, '250.00'),
(505, '150.00'),
(506, '350.00'),
(507, '100.00'),
(508, '150.00'),
(509, '350.00'),
(510, '450.00'),
(511, '50.00'),
(512, '450.00'),
(513, '250.00'),
(514, '150.00'),
(515, '299.00'),
(516, '200.00'),
(517, '50.00'),
(518, '175.00'),
(519, '200.00'),
(520, '100.00'),
(521, '50.00'),
(522, '450.00'),
(523, '75.00'),
(524, '100.00'),
(525, '75.00'),
(526, '200.00'),
(527, '150.00'),
(528, '350.00'),
(529, '175.00'),
(530, '450.00'),
(531, '350.00'),
(532, '75.00'),
(533, '175.00'),
(534, '200.00'),
(535, '250.00'),
(536, '500.00'),
(537, '100.00'),
(538, '150.00'),
(539, '500.00'),
(540, '500.00'),
(541, '100.00'),
(542, '175.00'),
(543, '500.00'),
(544, '200.00'),
(545, '175.00'),
(546, '100.00'),
(547, '75.00'),
(548, '250.00'),
(549, '175.00'),
(550, '350.00'),
(551, '450.00'),
(552, '299.00'),
(553, '75.00'),
(554, '175.00'),
(555, '75.00'),
(556, '200.00'),
(557, '500.00'),
(558, '175.00'),
(559, '50.00'),
(560, '500.00'),
(561, '50.00'),
(562, '50.00'),
(563, '299.00'),
(564, '250.00'),
(565, '500.00'),
(566, '175.00'),
(567, '100.00'),
(568, '150.00'),
(569, '50.00'),
(570, '450.00'),
(571, '200.00'),
(572, '350.00'),
(573, '250.00'),
(574, '50.00'),
(575, '75.00'),
(576, '250.00'),
(577, '350.00'),
(578, '350.00'),
(579, '250.00'),
(580, '75.00'),
(581, '299.00'),
(582, '50.00'),
(583, '250.00'),
(584, '350.00'),
(585, '250.00'),
(586, '299.00'),
(587, '299.00'),
(588, '500.00'),
(589, '200.00'),
(590, '450.00'),
(591, '299.00'),
(592, '250.00'),
(593, '150.00'),
(594, '350.00'),
(595, '75.00'),
(596, '450.00'),
(597, '50.00'),
(598, '100.00'),
(599, '500.00'),
(600, '150.00'),
(601, '500.00'),
(602, '175.00'),
(603, '299.00'),
(604, '150.00'),
(605, '100.00'),
(606, '175.00'),
(607, '250.00'),
(608, '200.00'),
(609, '450.00'),
(610, '250.00'),
(611, '299.00'),
(612, '350.00'),
(613, '450.00'),
(614, '100.00'),
(615, '175.00'),
(616, '200.00'),
(617, '175.00'),
(618, '250.00'),
(619, '175.00'),
(620, '250.00'),
(621, '175.00'),
(622, '150.00'),
(623, '75.00'),
(624, '200.00'),
(625, '75.00'),
(626, '50.00'),
(627, '75.00'),
(628, '100.00'),
(629, '50.00'),
(630, '250.00'),
(631, '50.00'),
(632, '299.00'),
(633, '299.00'),
(634, '50.00'),
(635, '450.00'),
(636, '250.00'),
(637, '75.00'),
(638, '200.00'),
(639, '100.00'),
(640, '200.00'),
(641, '450.00'),
(642, '500.00'),
(643, '150.00'),
(644, '175.00'),
(645, '299.00'),
(646, '200.00'),
(647, '350.00'),
(648, '175.00'),
(649, '75.00'),
(650, '350.00'),
(651, '500.00'),
(652, '150.00'),
(653, '175.00'),
(654, '50.00'),
(655, '450.00'),
(656, '100.00'),
(657, '175.00'),
(658, '250.00'),
(659, '50.00'),
(660, '50.00'),
(661, '450.00'),
(662, '450.00'),
(663, '450.00'),
(664, '500.00'),
(665, '100.00'),
(666, '450.00'),
(667, '150.00'),
(668, '500.00'),
(669, '100.00'),
(670, '50.00'),
(671, '150.00'),
(672, '450.00'),
(673, '175.00'),
(674, '200.00'),
(675, '150.00'),
(676, '350.00'),
(677, '250.00'),
(678, '500.00'),
(679, '450.00'),
(680, '350.00'),
(681, '50.00'),
(682, '250.00'),
(683, '75.00'),
(684, '350.00'),
(685, '50.00'),
(686, '350.00'),
(687, '175.00'),
(688, '350.00'),
(689, '150.00'),
(690, '100.00'),
(691, '350.00'),
(692, '50.00'),
(693, '50.00'),
(694, '50.00'),
(695, '200.00'),
(696, '50.00'),
(697, '150.00'),
(698, '100.00'),
(699, '75.00'),
(700, '100.00'),
(701, '250.00'),
(702, '450.00'),
(703, '200.00'),
(704, '200.00'),
(705, '75.00'),
(706, '350.00'),
(707, '50.00'),
(708, '200.00'),
(709, '450.00'),
(710, '299.00'),
(711, '500.00'),
(712, '350.00'),
(713, '175.00'),
(714, '500.00'),
(715, '100.00'),
(716, '50.00'),
(717, '500.00'),
(718, '150.00'),
(719, '100.00'),
(720, '250.00'),
(721, '350.00'),
(722, '350.00'),
(723, '50.00'),
(724, '150.00'),
(725, '75.00'),
(726, '200.00'),
(727, '500.00'),
(728, '200.00'),
(729, '350.00'),
(730, '175.00'),
(731, '200.00'),
(732, '175.00'),
(733, '299.00'),
(734, '175.00'),
(735, '250.00'),
(736, '299.00'),
(737, '450.00'),
(738, '50.00'),
(739, '299.00'),
(740, '100.00'),
(741, '250.00'),
(742, '250.00'),
(743, '150.00'),
(744, '200.00'),
(745, '350.00'),
(746, '350.00'),
(747, '50.00'),
(748, '100.00'),
(749, '100.00'),
(750, '500.00'),
(751, '500.00'),
(752, '350.00'),
(753, '50.00'),
(754, '350.00'),
(755, '450.00'),
(756, '100.00'),
(757, '50.00'),
(758, '100.00'),
(759, '50.00'),
(760, '250.00'),
(761, '50.00'),
(762, '350.00'),
(763, '299.00'),
(764, '175.00'),
(765, '175.00'),
(766, '175.00'),
(767, '175.00'),
(768, '50.00'),
(769, '500.00'),
(770, '450.00'),
(771, '175.00'),
(772, '299.00'),
(773, '75.00'),
(774, '350.00'),
(775, '50.00'),
(776, '200.00'),
(777, '200.00'),
(778, '350.00'),
(779, '75.00'),
(780, '450.00'),
(781, '299.00'),
(782, '75.00'),
(783, '200.00'),
(784, '150.00'),
(785, '50.00'),
(786, '200.00'),
(787, '500.00'),
(788, '250.00'),
(789, '450.00'),
(790, '150.00'),
(791, '500.00'),
(792, '100.00'),
(793, '75.00'),
(794, '50.00'),
(795, '75.00'),
(796, '299.00'),
(797, '299.00'),
(798, '500.00'),
(799, '500.00'),
(800, '75.00'),
(801, '250.00'),
(802, '450.00'),
(803, '500.00'),
(804, '350.00'),
(805, '200.00'),
(806, '175.00'),
(807, '450.00'),
(808, '500.00'),
(809, '100.00'),
(810, '75.00'),
(811, '175.00'),
(812, '500.00'),
(813, '250.00'),
(814, '50.00'),
(815, '200.00'),
(816, '50.00'),
(817, '75.00'),
(818, '100.00'),
(819, '450.00'),
(820, '450.00'),
(821, '50.00'),
(822, '150.00'),
(823, '250.00'),
(824, '299.00'),
(825, '75.00'),
(826, '200.00'),
(827, '100.00'),
(828, '175.00'),
(829, '100.00'),
(830, '50.00'),
(831, '100.00'),
(832, '175.00'),
(833, '150.00'),
(834, '175.00'),
(835, '175.00'),
(836, '100.00'),
(837, '350.00'),
(838, '75.00'),
(839, '450.00'),
(840, '200.00'),
(841, '200.00'),
(842, '450.00'),
(843, '350.00'),
(844, '299.00'),
(845, '299.00'),
(846, '175.00'),
(847, '299.00'),
(848, '175.00'),
(849, '500.00'),
(850, '500.00'),
(851, '100.00'),
(852, '200.00'),
(853, '200.00'),
(854, '100.00'),
(855, '450.00'),
(856, '75.00'),
(857, '450.00'),
(858, '299.00'),
(859, '100.00'),
(860, '175.00'),
(861, '450.00'),
(862, '350.00'),
(863, '500.00'),
(864, '75.00'),
(865, '150.00'),
(866, '100.00'),
(867, '175.00'),
(868, '250.00'),
(869, '50.00'),
(870, '200.00'),
(871, '500.00'),
(872, '250.00'),
(873, '250.00'),
(874, '150.00'),
(875, '500.00'),
(876, '75.00'),
(877, '100.00'),
(878, '450.00'),
(879, '50.00'),
(880, '100.00'),
(881, '150.00'),
(882, '450.00'),
(883, '250.00'),
(884, '200.00'),
(885, '350.00'),
(886, '450.00'),
(887, '75.00'),
(888, '250.00'),
(889, '150.00'),
(890, '500.00'),
(891, '350.00'),
(892, '50.00'),
(893, '250.00'),
(894, '150.00'),
(895, '175.00'),
(896, '100.00'),
(897, '250.00'),
(898, '299.00'),
(899, '75.00'),
(900, '75.00'),
(901, '75.00'),
(902, '250.00'),
(903, '200.00'),
(904, '350.00'),
(905, '100.00'),
(906, '100.00'),
(907, '250.00'),
(908, '75.00'),
(909, '250.00'),
(910, '50.00'),
(911, '500.00'),
(912, '150.00'),
(913, '150.00'),
(914, '500.00'),
(915, '75.00'),
(916, '299.00'),
(917, '150.00'),
(918, '299.00'),
(919, '75.00'),
(920, '75.00'),
(921, '150.00'),
(922, '299.00'),
(923, '299.00'),
(924, '75.00'),
(925, '350.00'),
(926, '500.00'),
(927, '150.00'),
(928, '175.00'),
(929, '299.00'),
(930, '200.00'),
(931, '175.00'),
(932, '200.00'),
(933, '350.00'),
(934, '50.00'),
(935, '50.00'),
(936, '200.00'),
(937, '50.00'),
(938, '175.00'),
(939, '200.00'),
(940, '100.00'),
(941, '250.00'),
(942, '75.00'),
(943, '200.00'),
(944, '200.00'),
(945, '200.00'),
(946, '250.00'),
(947, '50.00'),
(948, '175.00'),
(949, '175.00'),
(950, '350.00'),
(951, '299.00'),
(952, '150.00'),
(953, '175.00'),
(954, '350.00'),
(955, '500.00'),
(956, '200.00'),
(957, '75.00'),
(958, '200.00'),
(959, '75.00'),
(960, '500.00'),
(961, '350.00'),
(962, '450.00'),
(963, '450.00'),
(964, '299.00'),
(965, '250.00'),
(966, '200.00'),
(967, '299.00'),
(968, '200.00'),
(969, '100.00'),
(970, '500.00'),
(971, '250.00'),
(972, '100.00'),
(973, '175.00'),
(974, '450.00'),
(975, '75.00'),
(976, '100.00'),
(977, '200.00'),
(978, '450.00'),
(979, '500.00'),
(980, '250.00'),
(981, '150.00'),
(982, '350.00'),
(983, '350.00'),
(984, '500.00'),
(985, '350.00'),
(986, '200.00'),
(987, '450.00'),
(988, '50.00'),
(989, '250.00'),
(990, '500.00'),
(991, '50.00'),
(992, '150.00'),
(993, '100.00'),
(994, '150.00'),
(995, '350.00'),
(996, '250.00'),
(997, '75.00'),
(998, '450.00'),
(999, '450.00'),
(1000, '100.00');




--Tabla ‘detalle_compra_cliente’
INSERT INTO detalle_compra_cliente(folio_cliente, id_juguete, cantidad_cliente)
VALUES
(1, 959, 6),
(2, 173, 3),
(3, 49, 5),
(4, 514, 5),
(5, 803, 2),
(6, 419, 6),
(7, 979, 1),
(8, 592, 10),
(9, 780, 12),
(10, 403, 5),
(11, 702, 1),
(12, 13, 12),
(13, 878, 12),
(14, 6, 6),
(15, 354, 3),
(16, 337, 12),
(17, 401, 2),
(18, 876, 5),
(19, 729, 12),
(20, 946, 5),
(21, 879, 1),
(22, 783, 3),
(23, 845, 12),
(24, 852, 2),
(25, 81, 6),
(26, 213, 4),
(27, 316, 12),
(28, 394, 12),
(29, 766, 6),
(30, 235, 10),
(31, 778, 3),
(32, 840, 10),
(33, 658, 12),
(34, 207, 6),
(35, 890, 12),
(36, 60, 3),
(37, 249, 12),
(38, 973, 4),
(39, 248, 10),
(40, 752, 4),
(41, 787, 5),
(42, 988, 3),
(43, 65, 12),
(44, 502, 12),
(45, 855, 12),
(46, 34, 10),
(47, 556, 12),
(48, 254, 6),
(49, 947, 6),
(50, 515, 4),
(51, 48, 2),
(52, 368, 1),
(53, 564, 12),
(54, 435, 10),
(55, 793, 4),
(56, 426, 10),
(57, 573, 6),
(58, 271, 3),
(59, 442, 12),
(60, 996, 10),
(61, 568, 12),
(62, 422, 10),
(63, 567, 1),
(64, 709, 1),
(65, 52, 4),
(66, 948, 5),
(67, 901, 1),
(68, 158, 2),
(69, 775, 10),
(70, 798, 3),
(71, 449, 10),
(72, 456, 5),
(73, 77, 10),
(74, 779, 10),
(75, 178, 1),
(76, 243, 2),
(77, 513, 5),
(78, 601, 3),
(79, 321, 2),
(80, 643, 5),
(81, 231, 4),
(82, 217, 4),
(83, 95, 10),
(84, 990, 4),
(85, 560, 1),
(86, 701, 1),
(87, 818, 4),
(88, 655, 10),
(89, 600, 1),
(90, 681, 6),
(91, 326, 3),
(92, 87, 3),
(93, 166, 10),
(94, 294, 2),
(95, 527, 4),
(96, 809, 5),
(97, 125, 12),
(98, 66, 12),
(99, 697, 12),
(100, 716, 6),
(101, 19, 10),
(102, 815, 2),
(103, 398, 3),
(104, 624, 4),
(105, 669, 4),
(106, 504, 6),
(107, 846, 10),
(108, 317, 12),
(109, 985, 5),
(110, 190, 4),
(111, 635, 10),
(112, 796, 12),
(113, 184, 6),
(114, 795, 1),
(115, 134, 2),
(116, 923, 10),
(117, 396, 2),
(118, 744, 2),
(119, 445, 1),
(120, 102, 6),
(121, 869, 1),
(122, 625, 2),
(123, 356, 1),
(124, 361, 2),
(125, 466, 3),
(126, 451, 2),
(127, 737, 3),
(128, 234, 6),
(129, 123, 4),
(130, 154, 6),
(131, 464, 1),
(132, 684, 5),
(133, 38, 4),
(134, 966, 4),
(135, 950, 10),
(136, 198, 4),
(137, 987, 5),
(138, 915, 1),
(139, 773, 10),
(140, 689, 10),
(141, 806, 10),
(142, 934, 10),
(143, 929, 5),
(144, 180, 2),
(145, 949, 6),
(146, 41, 6),
(147, 882, 5),
(148, 675, 10),
(149, 857, 6),
(150, 372, 2),
(151, 831, 10),
(152, 772, 3),
(153, 285, 6),
(154, 297, 5),
(155, 347, 10),
(156, 743, 10),
(157, 593, 1),
(158, 251, 12),
(159, 588, 12),
(160, 141, 1),
(161, 733, 1),
(162, 1, 1),
(163, 668, 12),
(164, 548, 12),
(165, 540, 6),
(166, 306, 6),
(167, 64, 12),
(168, 740, 3),
(169, 569, 6),
(170, 880, 4),
(171, 826, 2),
(172, 238, 4),
(173, 30, 6),
(174, 953, 2),
(175, 571, 1),
(176, 343, 5),
(177, 208, 1),
(178, 374, 2),
(179, 56, 4),
(180, 388, 1),
(181, 203, 10),
(182, 122, 3),
(183, 827, 3),
(184, 164, 12),
(185, 654, 10),
(186, 874, 10),
(187, 995, 5),
(188, 53, 4),
(189, 120, 12),
(190, 489, 4),
(191, 712, 10),
(192, 290, 4),
(193, 414, 6),
(194, 171, 2),
(195, 607, 5),
(196, 362, 12),
(197, 151, 3),
(198, 427, 3),
(199, 944, 4),
(200, 21, 3),
(201, 597, 6),
(202, 865, 10),
(203, 10, 4),
(204, 377, 4),
(205, 97, 4),
(206, 272, 5),
(207, 555, 3),
(208, 9, 5),
(209, 562, 5),
(210, 511, 6),
(211, 530, 1),
(212, 619, 10),
(213, 275, 5),
(214, 522, 5),
(215, 916, 6),
(216, 797, 5),
(217, 443, 6),
(218, 986, 1),
(219, 546, 5),
(220, 817, 12),
(221, 648, 3),
(222, 574, 10),
(223, 350, 5),
(224, 723, 6),
(225, 458, 1),
(226, 278, 5),
(227, 390, 1),
(228, 694, 6),
(229, 820, 1),
(230, 329, 1),
(231, 39, 2),
(232, 920, 12),
(233, 924, 10),
(234, 942, 3),
(235, 433, 4),
(236, 91, 1),
(237, 692, 4),
(238, 111, 4),
(239, 559, 3),
(240, 563, 10),
(241, 487, 6),
(242, 968, 3),
(243, 510, 1),
(244, 608, 2),
(245, 678, 3),
(246, 281, 3),
(247, 188, 1),
(248, 525, 12),
(249, 338, 3),
(250, 409, 5),
(251, 637, 12),
(252, 282, 4),
(253, 858, 4),
(254, 789, 1),
(255, 331, 6),
(256, 751, 10),
(257, 162, 6),
(258, 26, 6),
(259, 292, 10),
(260, 345, 10),
(261, 686, 4),
(262, 299, 10),
(263, 333, 6),
(264, 54, 4),
(265, 291, 1),
(266, 89, 5),
(267, 240, 6),
(268, 544, 12),
(269, 32, 10),
(270, 262, 10),
(271, 629, 10),
(272, 25, 6),
(273, 448, 2),
(274, 758, 2),
(275, 73, 5),
(276, 265, 6),
(277, 360, 12),
(278, 691, 10),
(279, 126, 2),
(280, 956, 4),
(281, 725, 6),
(282, 450, 6),
(283, 913, 3),
(284, 835, 4),
(285, 506, 3),
(286, 270, 3),
(287, 755, 6),
(288, 745, 3),
(289, 958, 12),
(290, 616, 2),
(291, 483, 2),
(292, 488, 6),
(293, 837, 4),
(294, 195, 3),
(295, 168, 3),
(296, 553, 5),
(297, 359, 12),
(298, 899, 2),
(299, 459, 2),
(300, 838, 10),
(301, 391, 3),
(302, 471, 12),
(303, 665, 4),
(304, 355, 3),
(305, 521, 3),
(306, 866, 4),
(307, 939, 5),
(308, 23, 5),
(309, 57, 1),
(310, 424, 3),
(311, 928, 3),
(312, 811, 5),
(313, 770, 10),
(314, 963, 2),
(315, 196, 12),
(316, 393, 3),
(317, 349, 2),
(318, 50, 10),
(319, 907, 2),
(320, 999, 6),
(321, 98, 10),
(322, 375, 2),
(323, 535, 12),
(324, 229, 5),
(325, 146, 12),
(326, 209, 5),
(327, 526, 5),
(328, 808, 2),
(329, 80, 4),
(330, 363, 12),
(331, 586, 1),
(332, 93, 5),
(333, 121, 2),
(334, 645, 2),
(335, 628, 12),
(336, 748, 10),
(337, 646, 2),
(338, 411, 4),
(339, 310, 2),
(340, 309, 4),
(341, 981, 2),
(342, 912, 2),
(343, 495, 3),
(344, 945, 2),
(345, 420, 1),
(346, 714, 12),
(347, 283, 2),
(348, 819, 3),
(349, 905, 12),
(350, 279, 1),
(351, 497, 12),
(352, 253, 2),
(353, 662, 10),
(354, 875, 5),
(355, 107, 10),
(356, 346, 3),
(357, 439, 10),
(358, 219, 10),
(359, 44, 4),
(360, 735, 1),
(361, 323, 3),
(362, 430, 3),
(363, 543, 6),
(364, 5, 1),
(365, 293, 3),
(366, 975, 1),
(367, 250, 12),
(368, 441, 1),
(369, 881, 6),
(370, 582, 10),
(371, 47, 3),
(372, 728, 10),
(373, 971, 1),
(374, 479, 4),
(375, 771, 5),
(376, 160, 3),
(377, 810, 6),
(378, 194, 10),
(379, 261, 10),
(380, 657, 4),
(381, 167, 1),
(382, 842, 6),
(383, 482, 6),
(384, 889, 4),
(385, 75, 5),
(386, 935, 2),
(387, 550, 3),
(388, 672, 6),
(389, 157, 4),
(390, 460, 4),
(391, 226, 4),
(392, 529, 4),
(393, 177, 4),
(394, 856, 3),
(395, 613, 6),
(396, 211, 12),
(397, 756, 2),
(398, 823, 10),
(399, 642, 6),
(400, 436, 5),
(401, 84, 10),
(402, 200, 6),
(403, 45, 12),
(404, 518, 3),
(405, 792, 1),
(406, 698, 2),
(407, 244, 3),
(408, 152, 5),
(409, 352, 6),
(410, 897, 10),
(411, 919, 10),
(412, 877, 6),
(413, 581, 3),
(414, 7, 1),
(415, 289, 1),
(416, 407, 5),
(417, 736, 4),
(418, 431, 2),
(419, 695, 12),
(420, 150, 10),
(421, 468, 12),
(422, 344, 6),
(423, 484, 12),
(424, 149, 3),
(425, 461, 10),
(426, 381, 12),
(427, 380, 6),
(428, 911, 12),
(429, 216, 3),
(430, 324, 12),
(431, 832, 3),
(432, 55, 12),
(433, 976, 3),
(434, 602, 4),
(435, 974, 6),
(436, 222, 2),
(437, 630, 4),
(438, 650, 5),
(439, 348, 10),
(440, 519, 3),
(441, 28, 6),
(442, 453, 10),
(443, 705, 5),
(444, 834, 1),
(445, 611, 5),
(446, 29, 4),
(447, 969, 5),
(448, 551, 12),
(449, 269, 1),
(450, 757, 5),
(451, 937, 12),
(452, 174, 10),
(453, 754, 3),
(454, 128, 4),
(455, 493, 2),
(456, 936, 4),
(457, 621, 6),
(458, 4, 12),
(459, 860, 3),
(460, 96, 2),
(461, 454, 3),
(462, 612, 1),
(463, 984, 1),
(464, 320, 6),
(465, 425, 5),
(466, 917, 4),
(467, 520, 3),
(468, 549, 1),
(469, 307, 12),
(470, 88, 10),
(471, 358, 5),
(472, 239, 2),
(473, 682, 12),
(474, 319, 5),
(475, 501, 3),
(476, 276, 3),
(477, 131, 4),
(478, 610, 3),
(479, 960, 10),
(480, 252, 12),
(481, 189, 2),
(482, 224, 1),
(483, 862, 3),
(484, 395, 6),
(485, 379, 12),
(486, 385, 3),
(487, 841, 1),
(488, 480, 10),
(489, 148, 6),
(490, 369, 6),
(491, 952, 2),
(492, 653, 5),
(493, 577, 12),
(494, 27, 10),
(495, 11, 12),
(496, 303, 10),
(497, 472, 3),
(498, 432, 2),
(499, 505, 4),
(500, 813, 5),
(501, 561, 2),
(502, 871, 1),
(503, 609, 10),
(504, 983, 2),
(505, 688, 12),
(506, 353, 5),
(507, 516, 4),
(508, 2, 5),
(509, 677, 6),
(510, 14, 1),
(511, 671, 5),
(512, 18, 10),
(513, 925, 5),
(514, 273, 2),
(515, 833, 5),
(516, 76, 5),
(517, 491, 2),
(518, 606, 12),
(519, 470, 12),
(520, 943, 10),
(521, 715, 3),
(522, 972, 10),
(523, 492, 6),
(524, 991, 5),
(525, 135, 2),
(526, 24, 3),
(527, 900, 12),
(528, 382, 5),
(529, 638, 2),
(530, 545, 4),
(531, 794, 10),
(532, 965, 5),
(533, 703, 5),
(534, 193, 6),
(535, 302, 2),
(536, 340, 12),
(537, 886, 12),
(538, 685, 2),
(539, 776, 3),
(540, 872, 6),
(541, 15, 1),
(542, 896, 2),
(543, 383, 4),
(544, 486, 12),
(545, 417, 3),
(546, 864, 4),
(547, 263, 1),
(548, 1000, 3),
(549, 693, 6),
(550, 676, 5),
(551, 734, 4),
(552, 902, 6),
(553, 566, 5),
(554, 416, 6),
(555, 951, 5),
(556, 72, 12),
(557, 867, 10),
(558, 62, 1),
(559, 587, 4),
(560, 364, 4),
(561, 70, 2),
(562, 594, 6),
(563, 256, 4),
(564, 421, 5),
(565, 74, 12),
(566, 308, 12),
(567, 499, 4),
(568, 124, 3),
(569, 112, 4),
(570, 12, 2),
(571, 410, 1),
(572, 623, 2),
(573, 31, 12),
(574, 583, 12),
(575, 286, 5),
(576, 51, 4),
(577, 40, 2),
(578, 92, 6),
(579, 163, 12),
(580, 498, 4),
(581, 478, 2),
(582, 474, 5),
(583, 997, 4),
(584, 255, 2),
(585, 94, 5),
(586, 247, 1),
(587, 888, 5),
(588, 153, 3),
(589, 700, 5),
(590, 822, 5),
(591, 268, 12),
(592, 172, 2),
(593, 617, 1),
(594, 861, 4),
(595, 339, 4),
(596, 825, 6),
(597, 980, 4),
(598, 452, 2),
(599, 183, 6),
(600, 59, 5),
(601, 156, 3),
(602, 784, 12),
(603, 237, 5),
(604, 384, 5),
(605, 762, 5),
(606, 524, 6),
(607, 142, 2),
(608, 639, 5),
(609, 512, 12),
(610, 631, 5),
(611, 438, 4),
(612, 931, 12),
(613, 108, 12),
(614, 821, 2),
(615, 843, 12),
(616, 814, 6),
(617, 446, 4),
(618, 296, 12),
(619, 503, 12),
(620, 673, 1),
(621, 221, 1),
(622, 894, 12),
(623, 463, 10),
(624, 301, 6),
(625, 859, 1),
(626, 101, 5),
(627, 79, 10),
(628, 873, 12),
(629, 800, 10),
(630, 921, 6),
(631, 104, 10),
(632, 106, 1),
(633, 20, 2),
(634, 667, 4),
(635, 78, 2),
(636, 807, 5),
(637, 622, 6),
(638, 165, 6),
(639, 749, 1),
(640, 993, 6),
(641, 185, 10),
(642, 964, 12),
(643, 212, 1),
(644, 761, 10),
(645, 978, 6),
(646, 179, 1),
(647, 767, 3),
(648, 182, 1),
(649, 387, 6),
(650, 312, 5),
(651, 136, 3),
(652, 241, 2),
(653, 508, 12),
(654, 36, 2),
(655, 641, 3),
(656, 233, 10),
(657, 790, 1),
(658, 528, 1),
(659, 824, 1),
(660, 542, 10),
(661, 552, 4),
(662, 722, 3),
(663, 851, 2),
(664, 227, 4),
(665, 137, 2),
(666, 782, 12),
(667, 769, 12),
(668, 674, 6),
(669, 300, 4),
(670, 43, 1),
(671, 922, 1),
(672, 205, 6),
(673, 791, 12),
(674, 891, 4),
(675, 844, 1),
(676, 651, 5),
(677, 473, 4),
(678, 753, 3),
(679, 961, 1),
(680, 742, 4),
(681, 967, 10),
(682, 186, 3),
(683, 532, 4),
(684, 16, 3),
(685, 572, 10),
(686, 679, 2),
(687, 176, 6),
(688, 332, 10),
(689, 257, 10),
(690, 33, 3),
(691, 99, 1),
(692, 605, 10),
(693, 659, 10),
(694, 908, 5),
(695, 214, 10),
(696, 318, 6),
(697, 636, 6),
(698, 626, 1),
(699, 330, 2),
(700, 538, 5),
(701, 105, 1),
(702, 399, 12),
(703, 500, 4),
(704, 311, 3),
(705, 284, 12),
(706, 230, 4),
(707, 481, 2),
(708, 119, 4),
(709, 750, 3),
(710, 370, 12),
(711, 147, 5),
(712, 440, 4),
(713, 169, 4),
(714, 739, 4),
(715, 415, 10),
(716, 828, 12),
(717, 69, 12),
(718, 868, 5),
(719, 998, 4),
(720, 590, 3),
(721, 720, 5),
(722, 280, 4),
(723, 295, 4),
(724, 589, 4),
(725, 895, 2),
(726, 731, 2),
(727, 197, 2),
(728, 539, 5),
(729, 595, 10),
(730, 909, 5),
(731, 870, 2),
(732, 86, 10),
(733, 418, 2),
(734, 576, 12),
(735, 781, 6),
(736, 63, 12),
(737, 994, 4),
(738, 726, 4),
(739, 786, 5),
(740, 115, 3),
(741, 71, 5),
(742, 898, 2),
(743, 357, 4),
(744, 140, 10),
(745, 85, 4),
(746, 847, 10),
(747, 747, 6),
(748, 116, 4),
(749, 992, 4),
(750, 404, 4),
(751, 192, 10),
(752, 914, 3),
(753, 777, 10),
(754, 932, 3),
(755, 727, 3),
(756, 732, 5),
(757, 373, 5),
(758, 8, 5),
(759, 210, 4),
(760, 314, 12),
(761, 61, 3),
(762, 620, 5),
(763, 541, 1),
(764, 805, 4),
(765, 490, 12),
(766, 143, 1),
(767, 242, 10),
(768, 110, 4),
(769, 632, 4),
(770, 696, 3),
(771, 536, 10),
(772, 139, 3),
(773, 741, 3),
(774, 884, 3),
(775, 455, 10),
(776, 887, 3),
(777, 982, 6),
(778, 627, 5),
(779, 707, 10),
(780, 434, 6),
(781, 977, 2),
(782, 83, 12),
(783, 225, 4),
(784, 100, 12),
(785, 906, 1),
(786, 199, 10),
(787, 717, 6),
(788, 570, 1),
(789, 711, 6),
(790, 839, 5),
(791, 485, 12),
(792, 376, 4),
(793, 465, 2),
(794, 892, 12),
(795, 759, 5),
(796, 788, 6),
(797, 547, 5),
(798, 690, 4),
(799, 228, 3),
(800, 462, 3),
(801, 670, 10),
(802, 118, 10),
(803, 220, 5),
(804, 130, 1),
(805, 661, 12),
(806, 591, 10),
(807, 893, 10),
(808, 437, 6),
(809, 927, 1),
(810, 298, 3),
(811, 386, 3),
(812, 812, 2),
(813, 313, 10),
(814, 940, 3),
(815, 428, 12),
(816, 341, 10),
(817, 710, 10),
(818, 274, 4),
(819, 109, 4),
(820, 708, 12),
(821, 704, 12),
(822, 304, 1),
(823, 523, 6),
(824, 557, 5),
(825, 204, 5),
(826, 721, 3),
(827, 663, 6),
(828, 614, 4),
(829, 955, 12),
(830, 799, 12),
(831, 447, 1),
(832, 389, 4),
(833, 187, 2),
(834, 634, 5),
(835, 245, 5),
(836, 598, 3),
(837, 215, 6),
(838, 67, 5),
(839, 402, 1),
(840, 580, 6),
(841, 954, 5),
(842, 644, 2),
(843, 444, 1),
(844, 365, 5),
(845, 883, 10),
(846, 305, 2),
(847, 537, 5),
(848, 706, 4),
(849, 260, 6),
(850, 392, 1),
(851, 604, 6),
(852, 413, 10),
(853, 90, 3),
(854, 315, 4),
(855, 768, 4),
(856, 933, 2),
(857, 469, 3),
(858, 854, 6),
(859, 267, 4),
(860, 327, 4),
(861, 82, 2),
(862, 719, 6),
(863, 496, 10),
(864, 724, 6),
(865, 467, 4),
(866, 746, 5),
(867, 266, 10),
(868, 68, 1),
(869, 649, 6),
(870, 322, 12),
(871, 277, 6),
(872, 853, 12),
(873, 533, 2),
(874, 615, 2),
(875, 423, 5),
(876, 181, 4),
(877, 159, 4),
(878, 22, 6),
(879, 218, 6),
(880, 336, 6),
(881, 35, 1),
(882, 17, 1),
(883, 58, 6),
(884, 133, 12),
(885, 904, 10),
(886, 117, 10),
(887, 412, 3),
(888, 804, 6),
(889, 941, 1),
(890, 206, 12),
(891, 103, 2),
(892, 830, 10),
(893, 579, 6),
(894, 849, 12),
(895, 603, 10),
(896, 138, 3),
(897, 578, 10),
(898, 666, 12),
(899, 408, 5),
(900, 801, 5),
(901, 785, 2),
(902, 802, 1),
(903, 37, 5),
(904, 885, 6),
(905, 335, 5),
(906, 970, 6),
(907, 325, 5),
(908, 288, 10),
(909, 774, 12),
(910, 161, 12),
(911, 763, 12),
(912, 170, 3),
(913, 718, 6),
(914, 565, 10),
(915, 863, 6),
(916, 957, 3),
(917, 930, 12),
(918, 640, 3),
(919, 531, 6),
(920, 584, 3),
(921, 599, 12),
(922, 903, 6),
(923, 264, 12),
(924, 113, 5),
(925, 366, 2),
(926, 223, 4),
(927, 287, 1),
(928, 132, 1),
(929, 680, 2),
(930, 534, 10),
(931, 457, 2),
(932, 155, 12),
(933, 585, 3),
(934, 334, 2),
(935, 405, 6),
(936, 175, 4),
(937, 367, 4),
(938, 962, 3),
(939, 232, 4),
(940, 633, 12),
(941, 989, 2),
(942, 475, 6),
(943, 848, 2),
(944, 145, 12),
(945, 328, 12),
(946, 144, 4),
(947, 738, 3),
(948, 730, 4),
(949, 476, 10),
(950, 3, 6),
(951, 699, 5),
(952, 918, 3),
(953, 114, 12),
(954, 46, 2),
(955, 760, 2),
(956, 494, 1),
(957, 509, 3),
(958, 378, 12),
(959, 660, 3),
(960, 259, 1),
(961, 127, 2),
(962, 926, 1),
(963, 575, 1),
(964, 42, 10),
(965, 236, 3),
(966, 246, 1),
(967, 342, 3),
(968, 764, 5),
(969, 683, 12),
(970, 558, 2),
(971, 258, 4),
(972, 351, 10),
(973, 507, 10),
(974, 816, 12),
(975, 596, 1),
(976, 652, 4),
(977, 517, 2),
(978, 850, 1),
(979, 201, 1),
(980, 765, 10),
(981, 647, 3),
(982, 687, 6),
(983, 397, 5),
(984, 477, 3),
(985, 400, 4),
(986, 664, 12),
(987, 554, 1),
(988, 656, 2),
(989, 618, 2),
(990, 713, 5),
(991, 938, 3),
(992, 371, 12),
(993, 406, 10),
(994, 129, 4),
(995, 829, 10),
(996, 191, 1),
(997, 836, 4),
(998, 202, 3),
(999, 429, 1),
(1000, 910, 10);


--Tabla ‘compra_proveedor’
INSERT INTO compra_proveedor(folio_proveedor, pago_total_proveedor, fecha_orden_proveedor, id_proveedor)
VALUES
(1, '600.00', '2023-08-08', 7),
(2, '640.00', '2023-11-12', 2),
(3, '50.00', '2023-01-28', 4),
(4, '2270.00', '2023-03-13', 8),
(5, '50.00', '2023-03-07', 5),
(6, '780.00', '2023-10-09', 8),
(7, '600.00', '2023-11-23', 10),
(8, '600.00', '2023-05-09', 10),
(9, '720.00', '2023-03-20', 5),
(10, '600.00', '2023-08-22', 10),
(11, '50.00', '2023-10-12', 5),
(12, '640.00', '2023-08-19', 5),
(13, '640.00', '2023-01-26', 5),
(14, '720.00', '2023-07-15', 3),
(15, '600.00', '2023-03-18', 1),
(16, '2270.00', '2023-12-08', 5),
(17, '80.00', '2023-09-09', 3),
(18, '2270.00', '2023-06-25', 4),
(19, '600.00', '2023-06-19', 1),
(20, '720.00', '2023-12-01', 8),
(21, '640.00', '2023-04-14', 5),
(22, '780.00', '2023-06-11', 8),
(23, '720.00', '2023-05-04', 1),
(24, '80.00', '2023-01-10', 10),
(25, '780.00', '2023-03-12', 8),
(26, '50.00', '2023-03-23', 5),
(27, '720.00', '2023-01-23', 10),
(28, '80.00', '2023-01-05', 2),
(29, '50.00', '2023-12-19', 9),
(30, '640.00', '2023-10-08', 2),
(31, '600.00', '2023-04-24', 4),
(32, '600.00', '2023-02-21', 8),
(33, '80.00', '2023-08-21', 5),
(34, '780.00', '2023-04-02', 10),
(35, '2270.00', '2023-04-13', 5),
(36, '80.00', '2023-02-10', 8),
(37, '2270.00', '2023-08-26', 8),
(38, '780.00', '2023-10-25', 2),
(39, '2270.00', '2023-05-08', 10),
(40, '50.00', '2023-07-07', 3),
(41, '640.00', '2023-03-25', 9),
(42, '600.00', '2023-05-22', 4),
(43, '2270.00', '2023-06-07', 4),
(44, '600.00', '2023-06-03', 3),
(45, '80.00', '2023-12-23', 8),
(46, '780.00', '2023-08-10', 4),
(47, '600.00', '2023-04-28', 9),
(48, '780.00', '2023-10-27', 2),
(49, '780.00', '2023-08-04', 8),
(50, '720.00', '2023-01-08', 7),
(51, '80.00', '2023-03-28', 5),
(52, '600.00', '2023-09-27', 1),
(53, '50.00', '2023-08-10', 3),
(54, '600.00', '2023-02-11', 1),
(55, '780.00', '2023-02-20', 7),
(56, '2270.00', '2023-07-08', 7),
(57, '720.00', '2023-07-13', 5),
(58, '2270.00', '2023-07-24', 8),
(59, '80.00', '2023-08-08', 9),
(60, '2270.00', '2023-09-25', 10),
(61, '720.00', '2023-12-08', 3),
(62, '780.00', '2023-05-05', 7),
(63, '2270.00', '2023-06-18', 10),
(64, '80.00', '2023-03-06', 8),
(65, '80.00', '2023-07-17', 3),
(66, '640.00', '2023-06-11', 2),
(67, '720.00', '2023-06-27', 7),
(68, '780.00', '2023-06-02', 3),
(69, '640.00', '2023-06-10', 8),
(70, '640.00', '2023-12-27', 9),
(71, '600.00', '2023-06-27', 9),
(72, '50.00', '2023-10-07', 2),
(73, '640.00', '2023-08-19', 9),
(74, '780.00', '2023-04-16', 1),
(75, '640.00', '2023-12-18', 4),
(76, '600.00', '2023-09-25', 10),
(77, '2270.00', '2023-07-23', 4),
(78, '2270.00', '2023-06-03', 10),
(79, '80.00', '2023-12-18', 4),
(80, '720.00', '2023-02-16', 3),
(81, '720.00', '2023-12-19', 1),
(82, '50.00', '2023-03-21', 2),
(83, '600.00', '2023-05-16', 7),
(84, '640.00', '2023-04-17', 5),
(85, '50.00', '2023-01-10', 10),
(86, '80.00', '2023-04-22', 7),
(87, '80.00', '2023-04-02', 10),
(88, '780.00', '2023-10-03', 3),
(89, '600.00', '2023-01-19', 7),
(90, '720.00', '2023-06-21', 8),
(91, '720.00', '2023-11-09', 4),
(92, '640.00', '2023-10-04', 10),
(93, '2270.00', '2023-07-19', 8),
(94, '80.00', '2023-02-14', 8),
(95, '50.00', '2023-06-27', 1),
(96, '720.00', '2023-07-08', 2),
(97, '50.00', '2023-06-09', 1),
(98, '2270.00', '2023-11-05', 10),
(99, '780.00', '2023-07-10', 8),
(100, '640.00', '2023-03-22', 10),
(101, '600.00', '2023-04-22', 2),
(102, '600.00', '2023-11-15', 2),
(103, '50.00', '2023-05-19', 9),
(104, '600.00', '2023-03-01', 5),
(105, '2270.00', '2023-06-25', 4),
(106, '80.00', '2023-06-11', 2),
(107, '2270.00', '2023-08-21', 7),
(108, '50.00', '2023-03-16', 3),
(109, '720.00', '2023-04-24', 4),
(110, '50.00', '2023-07-18', 4),
(111, '640.00', '2023-01-17', 7),
(112, '80.00', '2023-04-15', 9),
(113, '720.00', '2023-10-11', 4),
(114, '50.00', '2023-01-03', 3),
(115, '780.00', '2023-12-23', 4),
(116, '720.00', '2023-08-06', 1),
(117, '640.00', '2023-03-01', 9),
(118, '80.00', '2023-01-18', 7),
(119, '720.00', '2023-07-01', 5),
(120, '600.00', '2023-10-09', 3),
(121, '640.00', '2023-04-27', 1),
(122, '600.00', '2023-06-16', 3),
(123, '80.00', '2023-01-18', 10),
(124, '600.00', '2023-11-05', 4),
(125, '600.00', '2023-08-28', 5),
(126, '780.00', '2023-05-14', 10),
(127, '600.00', '2023-03-03', 1),
(128, '2270.00', '2023-02-05', 1),
(129, '780.00', '2023-07-14', 2),
(130, '780.00', '2023-08-02', 4),
(131, '2270.00', '2023-04-08', 8),
(132, '780.00', '2023-12-12', 9),
(133, '80.00', '2023-08-01', 4),
(134, '50.00', '2023-11-21', 1),
(135, '780.00', '2023-06-06', 8),
(136, '640.00', '2023-04-06', 1),
(137, '720.00', '2023-10-01', 3),
(138, '720.00', '2023-05-12', 10),
(139, '80.00', '2023-11-10', 2),
(140, '600.00', '2023-07-26', 5),
(141, '2270.00', '2023-11-07', 9),
(142, '50.00', '2023-04-24', 9),
(143, '640.00', '2023-07-08', 8),
(144, '720.00', '2023-02-22', 7),
(145, '720.00', '2023-02-18', 10),
(146, '640.00', '2023-08-18', 7),
(147, '720.00', '2023-10-26', 1),
(148, '600.00', '2023-08-03', 3),
(149, '720.00', '2023-11-19', 10),
(150, '640.00', '2023-10-12', 10),
(151, '50.00', '2023-07-02', 8),
(152, '2270.00', '2023-07-04', 3),
(153, '50.00', '2023-12-04', 8),
(154, '720.00', '2023-11-08', 9),
(155, '600.00', '2023-04-28', 4),
(156, '720.00', '2023-03-15', 5),
(157, '50.00', '2023-01-17', 8),
(158, '600.00', '2023-04-08', 9),
(159, '640.00', '2023-06-23', 1),
(160, '50.00', '2023-09-16', 10),
(161, '720.00', '2023-08-18', 8),
(162, '720.00', '2023-05-02', 9),
(163, '780.00', '2023-09-17', 1),
(164, '720.00', '2023-06-28', 5),
(165, '2270.00', '2023-10-20', 4),
(166, '600.00', '2023-02-19', 10),
(167, '2270.00', '2023-12-16', 2),
(168, '80.00', '2023-06-06', 3),
(169, '640.00', '2023-03-02', 7),
(170, '780.00', '2023-08-20', 5),
(171, '720.00', '2023-02-10', 4),
(172, '780.00', '2023-07-11', 7),
(173, '640.00', '2023-06-20', 9),
(174, '640.00', '2023-12-08', 2),
(175, '720.00', '2023-01-04', 3),
(176, '2270.00', '2023-06-28', 4),
(177, '50.00', '2023-01-18', 1),
(178, '2270.00', '2023-01-25', 7),
(179, '640.00', '2023-07-21', 8),
(180, '50.00', '2023-12-27', 2),
(181, '2270.00', '2023-09-06', 4),
(182, '50.00', '2023-04-09', 10),
(183, '2270.00', '2023-08-08', 4),
(184, '780.00', '2023-08-10', 7),
(185, '640.00', '2023-08-23', 5),
(186, '600.00', '2023-12-06', 3),
(187, '50.00', '2023-05-25', 4),
(188, '780.00', '2023-08-08', 8),
(189, '600.00', '2023-02-23', 8),
(190, '2270.00', '2023-07-10', 7),
(191, '720.00', '2023-05-23', 4),
(192, '640.00', '2023-06-12', 8),
(193, '780.00', '2023-06-13', 3),
(194, '780.00', '2023-02-14', 9),
(195, '80.00', '2023-05-17', 10),
(196, '50.00', '2023-05-07', 10),
(197, '780.00', '2023-02-12', 3),
(198, '2270.00', '2023-04-02', 8),
(199, '2270.00', '2023-10-05', 2),
(200, '780.00', '2023-06-01', 5),
(201, '600.00', '2023-09-25', 2),
(202, '720.00', '2023-11-27', 9),
(203, '780.00', '2023-02-19', 5),
(204, '2270.00', '2023-11-06', 9),
(205, '80.00', '2023-09-02', 3),
(206, '50.00', '2023-11-20', 4),
(207, '600.00', '2023-01-19', 9),
(208, '780.00', '2023-04-16', 10),
(209, '640.00', '2023-06-23', 8),
(210, '720.00', '2023-06-20', 5),
(211, '720.00', '2023-07-11', 9),
(212, '640.00', '2023-06-23', 7),
(213, '780.00', '2023-02-24', 2),
(214, '720.00', '2023-08-22', 1),
(215, '80.00', '2023-12-28', 10),
(216, '780.00', '2023-03-24', 8),
(217, '2270.00', '2023-10-03', 10),
(218, '600.00', '2023-09-16', 8),
(219, '720.00', '2023-01-15', 2),
(220, '80.00', '2023-10-22', 7),
(221, '720.00', '2023-06-23', 1),
(222, '50.00', '2023-02-14', 9),
(223, '640.00', '2023-06-28', 1),
(224, '80.00', '2023-03-24', 5),
(225, '640.00', '2023-12-08', 10),
(226, '780.00', '2023-04-10', 9),
(227, '2270.00', '2023-10-10', 2),
(228, '80.00', '2023-11-08', 9),
(229, '50.00', '2023-01-15', 4),
(230, '50.00', '2023-06-16', 9),
(231, '720.00', '2023-06-05', 7),
(232, '2270.00', '2023-11-03', 3),
(233, '600.00', '2023-06-24', 8),
(234, '720.00', '2023-05-05', 4),
(235, '640.00', '2023-02-10', 2),
(236, '720.00', '2023-05-02', 7),
(237, '600.00', '2023-02-02', 10),
(238, '600.00', '2023-12-12', 7),
(239, '720.00', '2023-03-04', 2),
(240, '50.00', '2023-11-23', 5),
(241, '600.00', '2023-09-04', 2),
(242, '600.00', '2023-12-25', 9),
(243, '80.00', '2023-10-21', 2),
(244, '80.00', '2023-03-25', 4),
(245, '50.00', '2023-12-22', 2),
(246, '640.00', '2023-12-04', 9),
(247, '720.00', '2023-03-06', 3),
(248, '780.00', '2023-01-11', 1),
(249, '640.00', '2023-07-06', 9),
(250, '2270.00', '2023-06-20', 3),
(251, '600.00', '2023-10-03', 8),
(252, '640.00', '2023-11-24', 5),
(253, '50.00', '2023-08-13', 3),
(254, '600.00', '2023-06-18', 9),
(255, '780.00', '2023-01-17', 1),
(256, '50.00', '2023-10-23', 8),
(257, '780.00', '2023-12-10', 10),
(258, '2270.00', '2023-02-13', 2),
(259, '600.00', '2023-08-05', 10),
(260, '2270.00', '2023-06-25', 3),
(261, '640.00', '2023-02-04', 7),
(262, '780.00', '2023-07-05', 8),
(263, '2270.00', '2023-10-05', 7),
(264, '640.00', '2023-02-20', 10),
(265, '50.00', '2023-09-14', 10),
(266, '780.00', '2023-01-06', 4),
(267, '50.00', '2023-09-26', 3),
(268, '2270.00', '2023-05-18', 10),
(269, '640.00', '2023-06-19', 2),
(270, '50.00', '2023-01-08', 1),
(271, '780.00', '2023-07-17', 4),
(272, '600.00', '2023-09-28', 5),
(273, '2270.00', '2023-06-13', 3),
(274, '720.00', '2023-01-13', 2),
(275, '50.00', '2023-07-18', 9),
(276, '50.00', '2023-04-22', 7),
(277, '2270.00', '2023-10-10', 1),
(278, '640.00', '2023-11-05', 3),
(279, '720.00', '2023-05-04', 3),
(280, '780.00', '2023-08-04', 8),
(281, '720.00', '2023-09-23', 7),
(282, '600.00', '2023-08-09', 4),
(283, '600.00', '2023-07-03', 4),
(284, '50.00', '2023-06-20', 2),
(285, '720.00', '2023-05-05', 9),
(286, '50.00', '2023-11-04', 8),
(287, '720.00', '2023-12-06', 3),
(288, '2270.00', '2023-11-23', 4),
(289, '600.00', '2023-06-14', 8),
(290, '2270.00', '2023-08-28', 9),
(291, '50.00', '2023-11-19', 7),
(292, '780.00', '2023-04-28', 7),
(293, '2270.00', '2023-10-07', 1),
(294, '2270.00', '2023-02-15', 2),
(295, '780.00', '2023-10-11', 2),
(296, '640.00', '2023-11-28', 1),
(297, '80.00', '2023-08-18', 10),
(298, '2270.00', '2023-10-18', 2),
(299, '640.00', '2023-04-25', 9),
(300, '2270.00', '2023-12-12', 7),
(301, '780.00', '2023-08-18', 10),
(302, '50.00', '2023-10-23', 1),
(303, '50.00', '2023-01-24', 10),
(304, '720.00', '2023-11-16', 8),
(305, '780.00', '2023-01-08', 5),
(306, '80.00', '2023-09-10', 3),
(307, '2270.00', '2023-09-22', 7),
(308, '80.00', '2023-12-28', 1),
(309, '780.00', '2023-06-25', 10),
(310, '600.00', '2023-02-25', 4),
(311, '780.00', '2023-06-13', 4),
(312, '780.00', '2023-08-04', 3),
(313, '50.00', '2023-11-14', 5),
(314, '50.00', '2023-07-19', 7),
(315, '80.00', '2023-04-14', 9),
(316, '640.00', '2023-04-15', 8),
(317, '80.00', '2023-09-28', 3),
(318, '600.00', '2023-12-16', 2),
(319, '80.00', '2023-12-11', 2),
(320, '640.00', '2023-12-11', 9),
(321, '80.00', '2023-02-16', 5),
(322, '780.00', '2023-07-20', 8),
(323, '780.00', '2023-12-09', 10),
(324, '600.00', '2023-05-08', 10),
(325, '50.00', '2023-07-17', 5),
(326, '640.00', '2023-10-09', 1),
(327, '720.00', '2023-05-01', 3),
(328, '50.00', '2023-05-07', 1),
(329, '80.00', '2023-06-24', 9),
(330, '640.00', '2023-04-23', 3),
(331, '640.00', '2023-04-18', 3),
(332, '640.00', '2023-02-14', 10),
(333, '600.00', '2023-11-26', 5),
(334, '50.00', '2023-12-07', 7),
(335, '720.00', '2023-12-19', 7),
(336, '640.00', '2023-07-10', 8),
(337, '80.00', '2023-12-18', 3),
(338, '720.00', '2023-11-02', 9),
(339, '80.00', '2023-05-18', 9),
(340, '720.00', '2023-11-26', 4),
(341, '640.00', '2023-07-05', 8),
(342, '2270.00', '2023-02-23', 4),
(343, '640.00', '2023-03-02', 9),
(344, '720.00', '2023-10-01', 7),
(345, '50.00', '2023-07-14', 9),
(346, '80.00', '2023-05-16', 10),
(347, '640.00', '2023-10-28', 3),
(348, '780.00', '2023-04-17', 2),
(349, '600.00', '2023-03-01', 2),
(350, '720.00', '2023-04-15', 9),
(351, '600.00', '2023-06-23', 10),
(352, '50.00', '2023-12-02', 5),
(353, '600.00', '2023-07-08', 2),
(354, '600.00', '2023-01-20', 10),
(355, '600.00', '2023-10-14', 5),
(356, '780.00', '2023-01-19', 7),
(357, '640.00', '2023-12-21', 8),
(358, '640.00', '2023-02-07', 4),
(359, '640.00', '2023-09-13', 10),
(360, '640.00', '2023-09-17', 7),
(361, '50.00', '2023-10-26', 8),
(362, '720.00', '2023-03-16', 7),
(363, '720.00', '2023-07-23', 10),
(364, '720.00', '2023-11-19', 2),
(365, '2270.00', '2023-03-28', 1),
(366, '640.00', '2023-08-19', 2),
(367, '780.00', '2023-01-01', 3),
(368, '80.00', '2023-04-04', 10),
(369, '640.00', '2023-03-15', 1),
(370, '2270.00', '2023-07-06', 3),
(371, '50.00', '2023-11-27', 3),
(372, '600.00', '2023-03-28', 1),
(373, '50.00', '2023-01-24', 9),
(374, '50.00', '2023-06-24', 8),
(375, '80.00', '2023-11-28', 10),
(376, '780.00', '2023-09-11', 4),
(377, '640.00', '2023-12-08', 5),
(378, '780.00', '2023-09-21', 5),
(379, '780.00', '2023-07-07', 9),
(380, '640.00', '2023-06-12', 4),
(381, '720.00', '2023-01-18', 1),
(382, '640.00', '2023-06-09', 2),
(383, '600.00', '2023-12-17', 2),
(384, '720.00', '2023-03-04', 7),
(385, '780.00', '2023-12-25', 8),
(386, '780.00', '2023-09-24', 8),
(387, '2270.00', '2023-03-10', 3),
(388, '780.00', '2023-01-25', 10),
(389, '640.00', '2023-08-22', 10),
(390, '600.00', '2023-08-12', 1),
(391, '600.00', '2023-06-03', 4),
(392, '600.00', '2023-02-12', 7),
(393, '640.00', '2023-04-09', 5),
(394, '780.00', '2023-06-10', 10),
(395, '80.00', '2023-03-20', 3),
(396, '600.00', '2023-05-09', 8),
(397, '80.00', '2023-03-21', 10),
(398, '80.00', '2023-02-12', 2),
(399, '80.00', '2023-12-26', 1),
(400, '50.00', '2023-02-24', 1),
(401, '640.00', '2023-06-02', 7),
(402, '2270.00', '2023-09-15', 2),
(403, '80.00', '2023-07-04', 5),
(404, '50.00', '2023-04-27', 2),
(405, '600.00', '2023-11-09', 5),
(406, '780.00', '2023-04-07', 5),
(407, '720.00', '2023-07-27', 9),
(408, '780.00', '2023-05-16', 10),
(409, '50.00', '2023-09-22', 8),
(410, '2270.00', '2023-06-18', 5),
(411, '80.00', '2023-09-23', 1),
(412, '600.00', '2023-12-17', 9),
(413, '2270.00', '2023-06-18', 3),
(414, '720.00', '2023-05-08', 5),
(415, '780.00', '2023-02-09', 2),
(416, '600.00', '2023-01-28', 10),
(417, '600.00', '2023-12-01', 9),
(418, '720.00', '2023-09-01', 1),
(419, '780.00', '2023-03-01', 4),
(420, '600.00', '2023-06-01', 9),
(421, '640.00', '2023-12-20', 2),
(422, '600.00', '2023-02-19', 2),
(423, '2270.00', '2023-08-10', 2),
(424, '2270.00', '2023-01-16', 8),
(425, '640.00', '2023-03-03', 8),
(426, '720.00', '2023-01-11', 10),
(427, '640.00', '2023-06-02', 10),
(428, '2270.00', '2023-07-22', 8),
(429, '600.00', '2023-09-05', 8),
(430, '50.00', '2023-02-24', 7),
(431, '600.00', '2023-02-15', 5),
(432, '780.00', '2023-10-17', 4),
(433, '50.00', '2023-01-08', 1),
(434, '50.00', '2023-11-07', 1),
(435, '780.00', '2023-11-20', 10),
(436, '780.00', '2023-03-19', 10),
(437, '50.00', '2023-03-25', 7),
(438, '80.00', '2023-10-06', 5),
(439, '720.00', '2023-04-10', 5),
(440, '80.00', '2023-08-19', 8),
(441, '50.00', '2023-03-09', 10),
(442, '80.00', '2023-03-17', 8),
(443, '80.00', '2023-01-22', 1),
(444, '780.00', '2023-08-13', 1),
(445, '780.00', '2023-05-11', 4),
(446, '50.00', '2023-09-11', 8),
(447, '780.00', '2023-08-10', 3),
(448, '780.00', '2023-02-10', 7),
(449, '2270.00', '2023-01-16', 2),
(450, '600.00', '2023-09-01', 4),
(451, '600.00', '2023-11-10', 10),
(452, '50.00', '2023-11-12', 8),
(453, '780.00', '2023-09-06', 7),
(454, '50.00', '2023-07-27', 9),
(455, '720.00', '2023-05-06', 2),
(456, '640.00', '2023-12-28', 8),
(457, '720.00', '2023-03-28', 8),
(458, '2270.00', '2023-08-24', 4),
(459, '50.00', '2023-12-13', 9),
(460, '2270.00', '2023-04-25', 8),
(461, '50.00', '2023-02-28', 4),
(462, '2270.00', '2023-03-08', 10),
(463, '2270.00', '2023-10-12', 4),
(464, '50.00', '2023-04-19', 3),
(465, '2270.00', '2023-01-24', 2),
(466, '2270.00', '2023-02-23', 10),
(467, '640.00', '2023-10-04', 2),
(468, '640.00', '2023-02-22', 8),
(469, '80.00', '2023-04-15', 2),
(470, '50.00', '2023-08-12', 7),
(471, '780.00', '2023-08-09', 10),
(472, '80.00', '2023-08-18', 7),
(473, '2270.00', '2023-01-17', 3),
(474, '640.00', '2023-05-23', 9),
(475, '600.00', '2023-08-25', 7),
(476, '720.00', '2023-05-06', 9),
(477, '600.00', '2023-05-06', 7),
(478, '640.00', '2023-04-19', 3),
(479, '720.00', '2023-12-07', 5),
(480, '50.00', '2023-12-12', 5),
(481, '720.00', '2023-07-12', 9),
(482, '50.00', '2023-05-12', 10),
(483, '50.00', '2023-11-25', 5),
(484, '80.00', '2023-01-17', 5),
(485, '50.00', '2023-07-16', 3),
(486, '640.00', '2023-07-24', 5),
(487, '80.00', '2023-12-03', 7),
(488, '780.00', '2023-11-05', 9),
(489, '50.00', '2023-04-09', 1),
(490, '80.00', '2023-04-11', 2),
(491, '640.00', '2023-01-19', 7),
(492, '720.00', '2023-06-15', 3),
(493, '80.00', '2023-06-21', 2),
(494, '80.00', '2023-06-01', 4),
(495, '720.00', '2023-03-27', 7),
(496, '50.00', '2023-11-02', 2),
(497, '720.00', '2023-06-16', 8),
(498, '50.00', '2023-09-21', 10),
(499, '640.00', '2023-01-22', 2),
(500, '50.00', '2023-07-25', 3),
(501, '80.00', '2023-07-26', 3),
(502, '720.00', '2023-04-03', 10),
(503, '640.00', '2023-11-19', 7),
(504, '50.00', '2023-06-23', 4),
(505, '640.00', '2023-09-09', 3),
(506, '80.00', '2023-12-08', 4),
(507, '720.00', '2023-11-22', 2),
(508, '50.00', '2023-05-20', 5),
(509, '640.00', '2023-01-13', 8),
(510, '50.00', '2023-04-01', 5),
(511, '720.00', '2023-02-04', 7),
(512, '640.00', '2023-10-26', 4),
(513, '640.00', '2023-07-09', 10),
(514, '780.00', '2023-12-20', 3),
(515, '600.00', '2023-07-20', 1),
(516, '2270.00', '2023-07-03', 9),
(517, '780.00', '2023-02-15', 2),
(518, '80.00', '2023-03-01', 4),
(519, '50.00', '2023-08-24', 7),
(520, '780.00', '2023-09-07', 7),
(521, '2270.00', '2023-07-27', 5),
(522, '50.00', '2023-01-13', 1),
(523, '640.00', '2023-07-16', 2),
(524, '640.00', '2023-08-09', 2),
(525, '780.00', '2023-04-17', 7),
(526, '780.00', '2023-08-01', 3),
(527, '80.00', '2023-08-02', 3),
(528, '640.00', '2023-01-16', 10),
(529, '720.00', '2023-03-24', 1),
(530, '2270.00', '2023-12-04', 8),
(531, '600.00', '2023-11-25', 10),
(532, '720.00', '2023-04-11', 1),
(533, '600.00', '2023-04-11', 5),
(534, '720.00', '2023-11-28', 1),
(535, '80.00', '2023-01-09', 2),
(536, '640.00', '2023-07-15', 3),
(537, '50.00', '2023-01-27', 7),
(538, '640.00', '2023-11-26', 3),
(539, '80.00', '2023-10-27', 1),
(540, '2270.00', '2023-10-23', 9),
(541, '2270.00', '2023-06-24', 7),
(542, '2270.00', '2023-03-09', 4),
(543, '720.00', '2023-03-28', 4),
(544, '640.00', '2023-03-06', 2),
(545, '640.00', '2023-07-03', 3),
(546, '780.00', '2023-08-06', 7),
(547, '50.00', '2023-02-19', 7),
(548, '600.00', '2023-03-11', 4),
(549, '780.00', '2023-12-08', 8),
(550, '80.00', '2023-06-24', 9),
(551, '600.00', '2023-08-03', 7),
(552, '600.00', '2023-01-28', 4),
(553, '600.00', '2023-06-15', 10),
(554, '2270.00', '2023-11-23', 2),
(555, '600.00', '2023-08-27', 3),
(556, '50.00', '2023-05-19', 8),
(557, '2270.00', '2023-01-13', 1),
(558, '780.00', '2023-11-15', 8),
(559, '640.00', '2023-01-15', 7),
(560, '2270.00', '2023-04-24', 1),
(561, '2270.00', '2023-09-13', 1),
(562, '2270.00', '2023-10-28', 2),
(563, '720.00', '2023-05-12', 8),
(564, '780.00', '2023-06-13', 1),
(565, '720.00', '2023-09-06', 2),
(566, '780.00', '2023-12-13', 10),
(567, '640.00', '2023-12-05', 7),
(568, '2270.00', '2023-05-07', 2),
(569, '80.00', '2023-04-09', 10),
(570, '50.00', '2023-09-17', 4),
(571, '50.00', '2023-01-17', 2),
(572, '80.00', '2023-03-05', 7),
(573, '2270.00', '2023-11-09', 9),
(574, '780.00', '2023-05-08', 3),
(575, '640.00', '2023-08-07', 2),
(576, '640.00', '2023-07-08', 9),
(577, '50.00', '2023-06-23', 8),
(578, '780.00', '2023-08-21', 1),
(579, '780.00', '2023-01-28', 5),
(580, '720.00', '2023-05-10', 3),
(581, '50.00', '2023-03-22', 9),
(582, '640.00', '2023-04-26', 2),
(583, '80.00', '2023-09-01', 7),
(584, '600.00', '2023-12-12', 5),
(585, '780.00', '2023-09-20', 8),
(586, '780.00', '2023-11-28', 7),
(587, '780.00', '2023-06-14', 9),
(588, '2270.00', '2023-07-19', 4),
(589, '720.00', '2023-12-16', 10),
(590, '50.00', '2023-11-28', 7),
(591, '50.00', '2023-07-07', 1),
(592, '600.00', '2023-09-16', 10),
(593, '50.00', '2023-06-13', 10),
(594, '600.00', '2023-08-27', 9),
(595, '640.00', '2023-04-09', 3),
(596, '50.00', '2023-03-18', 1),
(597, '640.00', '2023-07-26', 2),
(598, '780.00', '2023-07-14', 2),
(599, '2270.00', '2023-09-07', 8),
(600, '720.00', '2023-05-27', 10),
(601, '600.00', '2023-10-06', 2),
(602, '50.00', '2023-03-12', 8),
(603, '640.00', '2023-11-18', 3),
(604, '720.00', '2023-09-20', 3),
(605, '640.00', '2023-07-24', 1),
(606, '720.00', '2023-02-06', 8),
(607, '780.00', '2023-12-19', 7),
(608, '2270.00', '2023-04-21', 9),
(609, '2270.00', '2023-09-07', 9),
(610, '50.00', '2023-05-22', 9),
(611, '50.00', '2023-06-01', 5),
(612, '600.00', '2023-11-24', 10),
(613, '2270.00', '2023-07-12', 4),
(614, '600.00', '2023-11-16', 5),
(615, '80.00', '2023-08-06', 4),
(616, '640.00', '2023-08-08', 1),
(617, '80.00', '2023-10-12', 10),
(618, '720.00', '2023-04-02', 4),
(619, '640.00', '2023-09-01', 3),
(620, '640.00', '2023-02-24', 7),
(621, '50.00', '2023-04-18', 9),
(622, '50.00', '2023-10-20', 2),
(623, '80.00', '2023-10-10', 8),
(624, '780.00', '2023-12-05', 1),
(625, '720.00', '2023-02-13', 8),
(626, '2270.00', '2023-09-13', 1),
(627, '780.00', '2023-03-27', 9),
(628, '600.00', '2023-07-24', 5),
(629, '780.00', '2023-06-02', 8),
(630, '80.00', '2023-08-01', 8),
(631, '600.00', '2023-04-18', 2),
(632, '640.00', '2023-07-08', 7),
(633, '640.00', '2023-05-05', 5),
(634, '720.00', '2023-09-11', 1),
(635, '720.00', '2023-02-20', 8),
(636, '720.00', '2023-05-05', 7),
(637, '2270.00', '2023-03-07', 9),
(638, '780.00', '2023-07-25', 5),
(639, '50.00', '2023-03-03', 5),
(640, '720.00', '2023-01-05', 9),
(641, '640.00', '2023-01-09', 9),
(642, '50.00', '2023-11-08', 10),
(643, '780.00', '2023-11-02', 2),
(644, '80.00', '2023-09-17', 10),
(645, '720.00', '2023-01-12', 1),
(646, '2270.00', '2023-12-21', 8),
(647, '780.00', '2023-05-06', 8),
(648, '600.00', '2023-06-26', 3),
(649, '2270.00', '2023-05-18', 9),
(650, '80.00', '2023-09-16', 1),
(651, '50.00', '2023-03-08', 2),
(652, '640.00', '2023-04-21', 8),
(653, '640.00', '2023-03-18', 9),
(654, '600.00', '2023-02-16', 5),
(655, '2270.00', '2023-01-16', 9),
(656, '780.00', '2023-03-01', 9),
(657, '640.00', '2023-06-09', 5),
(658, '50.00', '2023-02-19', 3),
(659, '640.00', '2023-02-26', 1),
(660, '600.00', '2023-04-12', 2),
(661, '600.00', '2023-10-02', 9),
(662, '2270.00', '2023-11-10', 2),
(663, '600.00', '2023-03-28', 7),
(664, '50.00', '2023-08-05', 8),
(665, '80.00', '2023-05-15', 4),
(666, '720.00', '2023-08-11', 3),
(667, '50.00', '2023-01-25', 2),
(668, '720.00', '2023-10-14', 9),
(669, '780.00', '2023-06-22', 10),
(670, '50.00', '2023-04-11', 7),
(671, '50.00', '2023-08-17', 5),
(672, '80.00', '2023-01-22', 3),
(673, '780.00', '2023-04-25', 5),
(674, '80.00', '2023-10-08', 3),
(675, '780.00', '2023-11-06', 9),
(676, '720.00', '2023-11-10', 1),
(677, '640.00', '2023-02-20', 10),
(678, '720.00', '2023-04-15', 10),
(679, '2270.00', '2023-09-05', 10),
(680, '600.00', '2023-02-18', 1),
(681, '600.00', '2023-10-12', 1),
(682, '80.00', '2023-11-23', 2),
(683, '780.00', '2023-08-11', 1),
(684, '780.00', '2023-05-18', 3),
(685, '80.00', '2023-07-10', 1),
(686, '720.00', '2023-08-11', 4),
(687, '80.00', '2023-08-27', 5),
(688, '780.00', '2023-10-23', 2),
(689, '780.00', '2023-07-03', 2),
(690, '780.00', '2023-01-28', 10),
(691, '2270.00', '2023-03-11', 2),
(692, '2270.00', '2023-07-12', 8),
(693, '50.00', '2023-10-08', 8),
(694, '80.00', '2023-05-21', 9),
(695, '780.00', '2023-12-05', 8),
(696, '780.00', '2023-04-03', 8),
(697, '640.00', '2023-04-15', 1),
(698, '2270.00', '2023-11-17', 4),
(699, '640.00', '2023-08-10', 7),
(700, '780.00', '2023-05-25', 7),
(701, '80.00', '2023-02-19', 1),
(702, '50.00', '2023-08-07', 5),
(703, '80.00', '2023-05-22', 10),
(704, '50.00', '2023-12-11', 5),
(705, '50.00', '2023-08-20', 8),
(706, '720.00', '2023-09-27', 5),
(707, '780.00', '2023-05-12', 4),
(708, '80.00', '2023-01-19', 5),
(709, '80.00', '2023-02-09', 9),
(710, '80.00', '2023-12-26', 1),
(711, '780.00', '2023-06-25', 7),
(712, '640.00', '2023-07-23', 1),
(713, '600.00', '2023-03-10', 3),
(714, '600.00', '2023-06-19', 7),
(715, '780.00', '2023-07-21', 2),
(716, '2270.00', '2023-07-16', 5),
(717, '780.00', '2023-10-04', 4),
(718, '50.00', '2023-09-27', 1),
(719, '780.00', '2023-03-03', 7),
(720, '780.00', '2023-05-23', 7),
(721, '640.00', '2023-04-15', 1),
(722, '2270.00', '2023-07-18', 1),
(723, '80.00', '2023-10-28', 9),
(724, '720.00', '2023-02-23', 10),
(725, '780.00', '2023-02-08', 8),
(726, '2270.00', '2023-02-20', 4),
(727, '600.00', '2023-04-14', 7),
(728, '600.00', '2023-07-28', 7),
(729, '600.00', '2023-07-02', 1),
(730, '2270.00', '2023-02-03', 10),
(731, '640.00', '2023-06-15', 4),
(732, '600.00', '2023-01-27', 1),
(733, '780.00', '2023-04-17', 7),
(734, '640.00', '2023-05-04', 1),
(735, '80.00', '2023-10-07', 4),
(736, '50.00', '2023-05-06', 2),
(737, '780.00', '2023-10-16', 4),
(738, '720.00', '2023-09-20', 1),
(739, '600.00', '2023-03-17', 2),
(740, '640.00', '2023-11-11', 10),
(741, '50.00', '2023-03-01', 4),
(742, '780.00', '2023-10-16', 1),
(743, '640.00', '2023-06-16', 2),
(744, '600.00', '2023-08-09', 10),
(745, '2270.00', '2023-09-27', 8),
(746, '780.00', '2023-12-28', 8),
(747, '780.00', '2023-11-01', 1),
(748, '720.00', '2023-03-14', 9),
(749, '720.00', '2023-02-03', 5),
(750, '780.00', '2023-06-10', 4),
(751, '50.00', '2023-07-17', 1),
(752, '640.00', '2023-02-02', 9),
(753, '780.00', '2023-01-24', 10),
(754, '2270.00', '2023-07-04', 8),
(755, '640.00', '2023-04-06', 7),
(756, '720.00', '2023-05-27', 8),
(757, '50.00', '2023-01-23', 5),
(758, '720.00', '2023-05-12', 7),
(759, '640.00', '2023-01-17', 9),
(760, '50.00', '2023-10-16', 8),
(761, '780.00', '2023-03-26', 10),
(762, '640.00', '2023-09-04', 5),
(763, '50.00', '2023-01-13', 10),
(764, '780.00', '2023-01-26', 3),
(765, '2270.00', '2023-10-01', 8),
(766, '600.00', '2023-10-10', 2),
(767, '80.00', '2023-05-16', 10),
(768, '50.00', '2023-07-11', 10),
(769, '50.00', '2023-12-25', 2),
(770, '50.00', '2023-10-28', 10),
(771, '2270.00', '2023-08-19', 2),
(772, '720.00', '2023-02-03', 9),
(773, '2270.00', '2023-10-27', 2),
(774, '2270.00', '2023-10-24', 7),
(775, '2270.00', '2023-05-09', 7),
(776, '640.00', '2023-09-09', 9),
(777, '50.00', '2023-11-20', 2),
(778, '600.00', '2023-02-16', 5),
(779, '80.00', '2023-01-26', 3),
(780, '780.00', '2023-02-22', 7),
(781, '600.00', '2023-10-13', 1),
(782, '640.00', '2023-12-10', 8),
(783, '80.00', '2023-12-07', 10),
(784, '600.00', '2023-06-23', 5),
(785, '720.00', '2023-11-05', 3),
(786, '780.00', '2023-11-23', 2),
(787, '640.00', '2023-11-03', 2),
(788, '50.00', '2023-11-21', 9),
(789, '640.00', '2023-09-01', 3),
(790, '640.00', '2023-07-08', 9),
(791, '2270.00', '2023-04-05', 5),
(792, '600.00', '2023-09-14', 8),
(793, '640.00', '2023-03-03', 8),
(794, '80.00', '2023-11-13', 4),
(795, '720.00', '2023-01-08', 7),
(796, '50.00', '2023-07-11', 9),
(797, '640.00', '2023-02-20', 3),
(798, '50.00', '2023-07-21', 1),
(799, '720.00', '2023-05-22', 5),
(800, '2270.00', '2023-03-04', 1),
(801, '780.00', '2023-12-01', 8),
(802, '2270.00', '2023-12-07', 10),
(803, '2270.00', '2023-11-12', 3),
(804, '2270.00', '2023-12-25', 7),
(805, '80.00', '2023-09-02', 10),
(806, '780.00', '2023-04-27', 3),
(807, '2270.00', '2023-08-09', 2),
(808, '2270.00', '2023-08-27', 5),
(809, '80.00', '2023-07-18', 10),
(810, '600.00', '2023-10-13', 7),
(811, '50.00', '2023-06-27', 8),
(812, '780.00', '2023-06-01', 2),
(813, '640.00', '2023-05-04', 8),
(814, '80.00', '2023-04-25', 3),
(815, '2270.00', '2023-05-15', 8),
(816, '80.00', '2023-11-27', 7),
(817, '50.00', '2023-10-07', 4),
(818, '2270.00', '2023-03-06', 8),
(819, '780.00', '2023-02-19', 4),
(820, '2270.00', '2023-07-05', 7),
(821, '720.00', '2023-06-21', 4),
(822, '780.00', '2023-03-04', 10),
(823, '720.00', '2023-09-14', 8),
(824, '50.00', '2023-11-17', 1),
(825, '50.00', '2023-07-18', 9),
(826, '50.00', '2023-06-10', 7),
(827, '640.00', '2023-12-20', 3),
(828, '780.00', '2023-06-20', 3),
(829, '50.00', '2023-11-03', 1),
(830, '80.00', '2023-03-02', 7),
(831, '720.00', '2023-01-27', 3),
(832, '640.00', '2023-01-04', 5),
(833, '80.00', '2023-02-18', 9),
(834, '720.00', '2023-04-20', 3),
(835, '50.00', '2023-04-01', 4),
(836, '780.00', '2023-02-10', 1),
(837, '80.00', '2023-04-18', 4),
(838, '50.00', '2023-10-08', 1),
(839, '2270.00', '2023-10-07', 4),
(840, '720.00', '2023-02-06', 2),
(841, '50.00', '2023-06-21', 10),
(842, '640.00', '2023-02-11', 3),
(843, '50.00', '2023-04-13', 2),
(844, '80.00', '2023-01-12', 3),
(845, '50.00', '2023-02-19', 4),
(846, '2270.00', '2023-06-08', 3),
(847, '600.00', '2023-03-04', 1),
(848, '80.00', '2023-02-06', 5),
(849, '780.00', '2023-08-23', 1),
(850, '2270.00', '2023-12-25', 1),
(851, '640.00', '2023-09-10', 7),
(852, '640.00', '2023-12-09', 7),
(853, '2270.00', '2023-08-09', 10),
(854, '720.00', '2023-10-03', 7),
(855, '50.00', '2023-03-15', 10),
(856, '50.00', '2023-02-27', 1),
(857, '640.00', '2023-01-01', 10),
(858, '720.00', '2023-05-09', 10),
(859, '720.00', '2023-04-09', 5),
(860, '80.00', '2023-04-10', 2),
(861, '50.00', '2023-12-10', 7),
(862, '50.00', '2023-12-08', 2),
(863, '640.00', '2023-01-27', 4),
(864, '80.00', '2023-05-19', 9),
(865, '780.00', '2023-05-16', 10),
(866, '780.00', '2023-02-05', 7),
(867, '780.00', '2023-06-06', 1),
(868, '780.00', '2023-06-11', 4),
(869, '780.00', '2023-04-23', 7),
(870, '80.00', '2023-08-01', 5),
(871, '80.00', '2023-12-18', 10),
(872, '50.00', '2023-12-23', 3),
(873, '720.00', '2023-06-15', 8),
(874, '640.00', '2023-03-18', 8),
(875, '50.00', '2023-04-13', 8),
(876, '780.00', '2023-07-16', 5),
(877, '780.00', '2023-08-20', 9),
(878, '640.00', '2023-07-02', 8),
(879, '50.00', '2023-05-01', 2),
(880, '50.00', '2023-05-27', 2),
(881, '780.00', '2023-06-06', 4),
(882, '780.00', '2023-11-28', 10),
(883, '640.00', '2023-07-02', 1),
(884, '780.00', '2023-07-28', 8),
(885, '640.00', '2023-04-06', 5),
(886, '600.00', '2023-10-02', 4),
(887, '780.00', '2023-03-22', 8),
(888, '780.00', '2023-03-08', 2),
(889, '640.00', '2023-10-06', 7),
(890, '80.00', '2023-10-04', 1),
(891, '50.00', '2023-01-16', 9),
(892, '720.00', '2023-01-02', 4),
(893, '780.00', '2023-12-22', 7),
(894, '80.00', '2023-01-02', 1),
(895, '780.00', '2023-11-15', 2),
(896, '80.00', '2023-09-22', 9),
(897, '640.00', '2023-07-05', 8),
(898, '2270.00', '2023-10-25', 1),
(899, '50.00', '2023-06-24', 7),
(900, '2270.00', '2023-01-05', 7),
(901, '80.00', '2023-12-17', 4),
(902, '50.00', '2023-01-03', 10),
(903, '600.00', '2023-05-21', 5),
(904, '780.00', '2023-02-01', 10),
(905, '720.00', '2023-04-05', 7),
(906, '600.00', '2023-07-11', 7),
(907, '640.00', '2023-01-15', 8),
(908, '50.00', '2023-10-19', 8),
(909, '80.00', '2023-07-21', 9),
(910, '720.00', '2023-04-22', 10),
(911, '720.00', '2023-09-04', 5),
(912, '780.00', '2023-11-24', 2),
(913, '720.00', '2023-02-16', 4),
(914, '780.00', '2023-05-05', 2),
(915, '720.00', '2023-01-04', 2),
(916, '720.00', '2023-06-01', 7),
(917, '50.00', '2023-08-10', 1),
(918, '50.00', '2023-02-11', 8),
(919, '720.00', '2023-04-23', 5),
(920, '780.00', '2023-11-14', 2),
(921, '640.00', '2023-10-01', 7),
(922, '2270.00', '2023-08-06', 4),
(923, '600.00', '2023-03-10', 10),
(924, '640.00', '2023-09-25', 8),
(925, '50.00', '2023-02-22', 10),
(926, '600.00', '2023-06-15', 4),
(927, '80.00', '2023-04-10', 5),
(928, '2270.00', '2023-09-12', 7),
(929, '780.00', '2023-11-20', 7),
(930, '50.00', '2023-02-23', 10),
(931, '50.00', '2023-02-11', 3),
(932, '640.00', '2023-11-22', 3),
(933, '640.00', '2023-12-10', 7),
(934, '780.00', '2023-03-21', 9),
(935, '780.00', '2023-07-14', 7),
(936, '50.00', '2023-04-20', 1),
(937, '600.00', '2023-01-22', 1),
(938, '720.00', '2023-12-01', 5),
(939, '50.00', '2023-02-12', 9),
(940, '780.00', '2023-02-03', 10),
(941, '720.00', '2023-02-25', 2),
(942, '80.00', '2023-06-17', 4),
(943, '50.00', '2023-02-01', 1),
(944, '50.00', '2023-02-10', 7),
(945, '2270.00', '2023-05-19', 8),
(946, '80.00', '2023-05-18', 10),
(947, '600.00', '2023-08-17', 1),
(948, '2270.00', '2023-06-26', 2),
(949, '640.00', '2023-02-16', 7),
(950, '50.00', '2023-01-02', 2),
(951, '780.00', '2023-09-20', 5),
(952, '640.00', '2023-06-22', 5),
(953, '720.00', '2023-08-21', 7),
(954, '640.00', '2023-05-09', 4),
(955, '80.00', '2023-04-02', 3),
(956, '720.00', '2023-10-17', 9),
(957, '720.00', '2023-06-02', 5),
(958, '720.00', '2023-11-10', 10),
(959, '80.00', '2023-01-24', 1),
(960, '2270.00', '2023-06-13', 4),
(961, '50.00', '2023-10-18', 2),
(962, '780.00', '2023-01-04', 3),
(963, '80.00', '2023-02-09', 7),
(964, '720.00', '2023-04-23', 2),
(965, '640.00', '2023-09-23', 4),
(966, '780.00', '2023-11-08', 8),
(967, '600.00', '2023-03-27', 10),
(968, '600.00', '2023-02-19', 1),
(969, '600.00', '2023-07-24', 10),
(970, '600.00', '2023-09-28', 2),
(971, '780.00', '2023-02-17', 1),
(972, '50.00', '2023-09-19', 2),
(973, '80.00', '2023-04-05', 7),
(974, '780.00', '2023-06-03', 7),
(975, '50.00', '2023-02-25', 2),
(976, '2270.00', '2023-05-16', 3),
(977, '50.00', '2023-04-02', 5),
(978, '780.00', '2023-12-04', 9),
(979, '780.00', '2023-08-02', 5),
(980, '780.00', '2023-11-22', 1),
(981, '780.00', '2023-08-18', 7),
(982, '600.00', '2023-10-21', 8),
(983, '50.00', '2023-12-18', 3),
(984, '780.00', '2023-06-22', 4),
(985, '600.00', '2023-01-13', 5),
(986, '640.00', '2023-11-24', 1),
(987, '50.00', '2023-02-10', 8),
(988, '600.00', '2023-12-02', 1),
(989, '50.00', '2023-09-14', 2),
(990, '780.00', '2023-12-09', 4),
(991, '80.00', '2023-01-18', 1),
(992, '640.00', '2023-04-22', 7),
(993, '720.00', '2023-10-18', 10),
(994, '600.00', '2023-08-11', 1),
(995, '80.00', '2023-08-10', 1),
(996, '720.00', '2023-07-11', 1),
(997, '780.00', '2023-11-12', 9),
(998, '780.00', '2023-04-06', 7),
(999, '640.00', '2023-12-11', 10),
(1000, '50.00', '2023-03-11', 5);


--Tabla ‘detalle_compra_proveedor’
INSERT INTO detalle_compra_proveedor(folio_proveedor, id_juguete, costo_unitario_proveedor, cantidad_proveedor)
VALUES
(661,854,'109.00',14),
(327,568,'129.00',43),
(359,491,'65.00',50),
(167,400,'211.00',22),
(649,457,'90.00',31),
(67,553,'30.00',33),
(171,84,'251.00',28),
(93,976,'285.00',33),
(929,240,'70.00',22),
(825,444,'251.00',33),
(682,73,'149.00',38),
(962,563,'74.00',16),
(583,74,'120.00',50),
(646,237,'257.00',28),
(786,259,'66.00',2),
(61,650,'289.00',36),
(522,391,'217.00',23),
(768,792,'286.00',10),
(529,135,'299.00',7),
(206,200,'49.00',1),
(575,134,'196.00',18),
(151,725,'266.00',11),
(111,2,'161.00',45),
(591,195,'288.00',2),
(850,396,'33.00',2),
(955,400,'208.00',8),
(556,233,'80.00',13),
(528,243,'245.00',28),
(724,785,'271.00',14),
(239,52,'231.00',9),
(411,718,'161.00',43),
(668,315,'192.00',10),
(275,633,'146.00',46),
(796,34,'213.00',28),
(680,223,'120.00',22),
(87,393,'184.00',27),
(643,672,'169.00',6),
(195,148,'116.00',43),
(11,676,'283.00',25),
(216,356,'192.00',30),
(64,195,'170.00',36),
(617,291,'173.00',39),
(302,893,'42.00',11),
(926,835,'180.00',1),
(725,412,'217.00',12),
(518,294,'293.00',5),
(447,428,'43.00',27),
(697,422,'48.00',13),
(568,480,'154.00',25),
(788,428,'119.00',11),
(355,367,'86.00',11),
(209,598,'38.00',39),
(752,17,'76.00',38),
(115,468,'292.00',23),
(802,731,'70.00',34),
(239,469,'98.00',39),
(174,282,'126.00',9),
(443,542,'129.00',41),
(997,315,'137.00',45),
(389,952,'143.00',40),
(946,398,'67.00',34),
(965,435,'59.00',6),
(376,591,'291.00',38),
(722,178,'120.00',7),
(652,986,'252.00',31),
(823,841,'290.00',26),
(801,457,'137.00',38),
(622,506,'223.00',34),
(194,154,'73.00',24),
(162,613,'274.00',37),
(97,188,'177.00',2),
(377,194,'138.00',35),
(208,112,'127.00',50),
(586,695,'177.00',42),
(303,481,'107.00',32),
(245,485,'191.00',49),
(842,232,'157.00',49),
(789,996,'46.00',37),
(569,754,'105.00',4),
(685,261,'218.00',2),
(391,616,'230.00',10),
(770,992,'145.00',16),
(596,711,'42.00',9),
(347,355,'118.00',18),
(611,918,'116.00',7),
(967,67,'194.00',30),
(960,797,'211.00',41),
(54,141,'145.00',48),
(779,837,'222.00',36),
(919,616,'76.00',28),
(386,345,'50.00',41),
(197,768,'58.00',44),
(671,711,'68.00',15),
(959,653,'82.00',49),
(18,905,'192.00',49),
(419,391,'244.00',15),
(333,982,'93.00',9),
(155,647,'286.00',46),
(884,649,'157.00',29),
(962,1000,'190.00',28),
(976,610,'158.00',47),
(838,204,'253.00',39),
(260,85,'123.00',17),
(540,310,'113.00',1),
(371,792,'171.00',39),
(937,192,'84.00',18),
(107,60,'83.00',47),
(439,657,'141.00',12),
(627,176,'190.00',21),
(124,561,'226.00',46),
(537,943,'170.00',35),
(26,584,'142.00',46),
(197,983,'129.00',38),
(57,633,'137.00',28),
(947,673,'182.00',35),
(255,879,'159.00',19),
(209,447,'245.00',6),
(884,730,'300.00',48),
(832,878,'290.00',15),
(480,208,'161.00',4),
(391,839,'39.00',49),
(754,569,'92.00',3),
(457,426,'76.00',49),
(814,387,'69.00',33),
(268,442,'99.00',24),
(649,112,'117.00',23),
(441,439,'194.00',41),
(739,676,'157.00',32),
(841,232,'261.00',32),
(73,639,'182.00',22),
(661,959,'230.00',29),
(215,48,'263.00',29),
(786,384,'259.00',28),
(611,405,'69.00',12),
(413,563,'295.00',12),
(188,541,'101.00',21),
(193,10,'273.00',6),
(820,807,'201.00',27),
(198,227,'89.00',41),
(273,318,'60.00',30),
(345,837,'264.00',38),
(736,681,'36.00',30),
(536,751,'65.00',17),
(812,163,'173.00',12),
(802,151,'144.00',28),
(889,211,'158.00',16),
(922,456,'147.00',15),
(514,417,'267.00',1),
(209,758,'74.00',4),
(103,526,'190.00',4),
(667,80,'72.00',22),
(366,673,'71.00',20),
(826,606,'95.00',13),
(319,863,'256.00',47),
(857,309,'113.00',9),
(702,956,'104.00',38),
(322,22,'154.00',3),
(58,225,'82.00',1),
(675,525,'260.00',28),
(473,809,'134.00',50),
(354,19,'246.00',46),
(548,704,'250.00',22),
(869,51,'57.00',32),
(157,503,'50.00',7),
(539,284,'95.00',9),
(438,730,'234.00',38),
(733,797,'153.00',23),
(968,689,'163.00',5),
(137,894,'168.00',20),
(101,637,'158.00',44),
(890,776,'219.00',18),
(215,857,'60.00',3),
(450,473,'179.00',30),
(226,134,'294.00',46),
(380,137,'245.00',33),
(428,362,'124.00',21),
(461,638,'198.00',27),
(168,618,'265.00',30),
(390,805,'187.00',21),
(309,560,'292.00',49),
(706,230,'295.00',45),
(777,271,'39.00',9),
(405,826,'48.00',19),
(588,605,'182.00',2),
(351,676,'298.00',25),
(951,394,'145.00',8),
(605,780,'55.00',31),
(415,99,'270.00',37),
(262,510,'102.00',20),
(559,568,'96.00',3),
(82,503,'73.00',2),
(616,462,'124.00',49),
(530,231,'206.00',4),
(857,88,'274.00',41),
(382,9,'61.00',4),
(672,180,'237.00',2),
(518,781,'47.00',14),
(684,344,'36.00',1),
(859,572,'144.00',12),
(532,696,'69.00',16),
(67,132,'251.00',15),
(928,883,'79.00',40),
(742,28,'86.00',37),
(687,172,'108.00',12),
(185,614,'280.00',14),
(155,807,'70.00',43),
(852,22,'149.00',16),
(819,917,'107.00',17),
(663,755,'329.00',14),
(822,86,'331.00',15),
(662,641,'64.00',43),
(984,467,'225.00',46),
(270,241,'204.00',7),
(343,473,'224.00',21),
(512,28,'44.00',28),
(550,430,'230.00',28),
(350,219,'203.00',37),
(779,404,'215.00',44),
(982,636,'233.00',22),
(360,728,'186.00',12),
(461,842,'145.00',49),
(985,175,'220.00',13),
(192,19,'254.00',37),
(190,614,'43.00',1),
(657,500,'231.00',40),
(986,454,'39.00',22),
(948,887,'301.00',50),
(564,725,'102.00',16),
(226,398,'101.00',31),
(849,1000,'348.00',17),
(597,790,'344.00',33),
(719,808,'92.00',46),
(175,750,'234.00',43),
(843,477,'347.00',11),
(118,896,'301.00',34),
(706,508,'74.00',26),
(13,170,'129.00',29),
(849,528,'229.00',26),
(505,688,'151.00',48),
(659,196,'298.00',39),
(336,773,'141.00',12),
(704,816,'43.00',9),
(61,940,'58.00',10),
(540,485,'303.00',41),
(984,234,'36.00',19),
(6,602,'331.00',31),
(671,469,'137.00',27),
(304,499,'227.00',19),
(425,509,'278.00',43),
(101,279,'167.00',28),
(372,472,'100.00',19),
(92,315,'159.00',2),
(878,601,'149.00',31),
(12,647,'145.00',22),
(509,146,'321.00',11),
(925,981,'60.00',49),
(789,925,'187.00',36),
(311,823,'66.00',42),
(651,123,'104.00',19),
(616,957,'73.00',43),
(747,790,'116.00',9),
(256,430,'167.00',33),
(563,145,'58.00',29),
(565,992,'167.00',47),
(862,257,'234.00',3),
(724,37,'253.00',13),
(206,715,'127.00',22),
(852,15,'350.00',45),
(647,420,'187.00',4),
(926,871,'135.00',21),
(849,874,'294.00',47),
(171,593,'261.00',40),
(244,501,'226.00',8),
(250,117,'57.00',29),
(718,940,'116.00',16),
(636,57,'42.00',23),
(666,681,'288.00',36),
(694,710,'157.00',42),
(757,83,'206.00',7),
(987,89,'236.00',7),
(369,452,'287.00',47),
(326,242,'132.00',28),
(657,933,'121.00',6),
(504,385,'188.00',30),
(379,25,'179.00',46),
(758,860,'95.00',47),
(782,25,'52.00',23),
(550,590,'186.00',38),
(896,18,'72.00',43),
(989,657,'65.00',13),
(771,890,'234.00',5),
(222,307,'43.00',41),
(332,830,'176.00',12),
(787,467,'239.00',47),
(18,183,'325.00',35),
(431,633,'303.00',14),
(672,884,'220.00',31),
(384,462,'279.00',27),
(110,802,'153.00',34),
(503,200,'113.00',40),
(312,658,'228.00',48),
(145,913,'222.00',1),
(17,443,'327.00',37),
(345,439,'191.00',24),
(244,45,'184.00',15),
(287,95,'151.00',40),
(893,465,'151.00',15),
(648,284,'346.00',30),
(965,465,'39.00',31),
(690,626,'116.00',9),
(26,20,'156.00',38),
(223,805,'247.00',33),
(942,120,'68.00',42),
(955,979,'41.00',6),
(596,102,'283.00',40),
(217,894,'336.00',30),
(277,196,'224.00',4),
(431,773,'300.00',29),
(752,655,'128.00',7),
(200,341,'44.00',17),
(68,979,'162.00',46),
(182,462,'157.00',12),
(450,166,'167.00',22),
(666,362,'329.00',25),
(392,734,'212.00',18),
(949,533,'266.00',48),
(912,544,'199.00',24),
(548,633,'246.00',38),
(763,1000,'48.00',50),
(779,883,'174.00',44),
(781,96,'100.00',44),
(843,684,'274.00',43),
(276,623,'168.00',23),
(517,647,'200.00',38),
(931,285,'292.00',34),
(988,217,'211.00',25),
(889,71,'335.00',46),
(190,380,'229.00',22),
(55,430,'105.00',44),
(79,786,'312.00',1),
(462,193,'243.00',20),
(691,516,'122.00',24),
(496,945,'119.00',23),
(273,848,'41.00',6),
(102,971,'142.00',34),
(439,86,'248.00',7),
(625,145,'186.00',45),
(466,560,'333.00',50),
(27,84,'56.00',8),
(68,898,'308.00',33),
(572,785,'75.00',48),
(597,829,'349.00',13),
(771,100,'129.00',5),
(419,661,'34.00',16),
(810,547,'189.00',9),
(759,950,'138.00',32),
(718,481,'97.00',11),
(366,672,'244.00',14),
(983,641,'50.00',7),
(542,549,'302.00',6),
(127,953,'193.00',6),
(808,590,'162.00',38),
(955,229,'118.00',15),
(213,605,'173.00',24),
(677,474,'149.00',24),
(716,70,'337.00',47),
(941,707,'271.00',32),
(124,992,'213.00',36),
(62,329,'155.00',37),
(334,74,'104.00',23),
(884,748,'31.00',29),
(904,679,'43.00',26),
(26,647,'176.00',31),
(263,892,'44.00',34),
(757,624,'136.00',49),
(840,543,'311.00',41),
(705,484,'161.00',11),
(817,140,'47.00',12),
(449,192,'285.00',24),
(37,748,'221.00',24),
(508,327,'119.00',13),
(830,44,'87.00',21),
(38,227,'167.00',46),
(803,347,'310.00',21),
(634,914,'32.00',34),
(580,11,'238.00',9),
(121,840,'201.00',19),
(904,116,'195.00',33),
(307,544,'153.00',38),
(112,858,'44.00',10),
(640,941,'249.00',1),
(248,520,'85.00',8),
(184,457,'50.00',16),
(298,728,'274.00',40),
(684,907,'328.00',36),
(363,901,'78.00',5),
(742,804,'277.00',12),
(314,71,'125.00',45),
(435,147,'51.00',30),
(554,992,'137.00',49),
(539,877,'269.00',5),
(843,317,'155.00',15),
(24,491,'77.00',26),
(178,320,'105.00',39),
(689,468,'83.00',36),
(346,320,'101.00',41),
(740,280,'128.00',40),
(998,300,'247.00',1),
(167,337,'289.00',40),
(296,88,'127.00',34),
(650,886,'251.00',7),
(261,48,'145.00',48),
(39,852,'296.00',11),
(634,361,'83.00',27),
(747,83,'157.00',44),
(356,690,'138.00',21),
(430,966,'299.00',13),
(702,780,'212.00',32),
(812,609,'43.00',44),
(867,567,'175.00',32),
(302,254,'272.00',13),
(612,940,'137.00',27),
(7,421,'293.00',9),
(403,246,'84.00',13),
(941,203,'108.00',24),
(453,713,'169.00',30),
(768,638,'86.00',39),
(541,408,'169.00',7),
(546,416,'185.00',30),
(222,917,'38.00',26),
(159,120,'230.00',7),
(252,130,'59.00',6),
(567,174,'243.00',14),
(975,992,'256.00',5),
(896,814,'268.00',1),
(938,839,'42.00',46),
(135,986,'255.00',49),
(355,261,'280.00',5),
(783,55,'166.00',47),
(163,967,'296.00',25),
(74,796,'252.00',41),
(884,199,'218.00',9),
(123,968,'270.00',13),
(610,872,'44.00',3),
(146,326,'204.00',27),
(54,358,'175.00',9),
(879,610,'140.00',29),
(374,827,'59.00',9),
(451,182,'217.00',32),
(778,431,'289.00',38),
(730,439,'177.00',19),
(382,460,'113.00',22),
(74,386,'224.00',11),
(445,224,'134.00',2),
(813,155,'81.00',45),
(658,892,'229.00',49),
(374,637,'70.00',9),
(881,24,'75.00',44),
(588,892,'210.00',15),
(656,465,'165.00',39),
(907,295,'57.00',24),
(185,458,'48.00',31),
(971,213,'30.00',16),
(197,616,'231.00',4),
(1000,146,'244.00',30),
(77,325,'130.00',37),
(659,183,'174.00',10),
(257,447,'59.00',24),
(600,536,'158.00',42),
(292,97,'190.00',41),
(46,902,'112.00',33),
(713,849,'268.00',9),
(630,336,'247.00',33),
(185,180,'106.00',34),
(660,345,'274.00',50),
(481,757,'88.00',39),
(847,147,'243.00',33),
(531,414,'128.00',13),
(851,321,'109.00',29),
(214,364,'197.00',21),
(590,995,'256.00',30),
(289,666,'63.00',7),
(268,600,'180.00',17),
(883,624,'281.00',43),
(581,707,'47.00',28),
(649,852,'217.00',39),
(371,753,'101.00',12),
(668,991,'226.00',11),
(653,127,'261.00',45),
(956,501,'130.00',30),
(668,855,'58.00',34),
(846,855,'32.00',9),
(579,306,'51.00',25),
(187,20,'127.00',31),
(984,794,'251.00',24),
(512,190,'249.00',29),
(918,507,'103.00',36),
(844,294,'179.00',47),
(401,777,'206.00',30),
(385,551,'283.00',6),
(634,433,'105.00',26),
(21,491,'64.00',25),
(191,273,'112.00',22),
(514,311,'41.00',48),
(660,737,'260.00',14),
(338,695,'198.00',9),
(577,413,'278.00',48),
(939,384,'106.00',6),
(344,887,'139.00',29),
(837,881,'59.00',37),
(299,125,'167.00',4),
(642,894,'114.00',29),
(489,144,'53.00',33),
(546,326,'76.00',8),
(630,813,'280.00',8),
(664,451,'244.00',42),
(649,764,'163.00',2),
(646,837,'189.00',13),
(24,412,'248.00',30),
(62,168,'78.00',27),
(158,258,'219.00',27),
(760,835,'109.00',1),
(72,458,'67.00',2),
(175,591,'37.00',50),
(815,808,'249.00',16),
(568,70,'90.00',15),
(148,798,'157.00',46),
(384,978,'252.00',43),
(950,99,'243.00',44),
(146,817,'226.00',4),
(52,704,'107.00',6),
(492,306,'211.00',2),
(57,231,'214.00',24),
(25,568,'85.00',49),
(527,394,'66.00',31),
(962,932,'162.00',20),
(602,87,'166.00',1),
(903,28,'105.00',36),
(473,846,'31.00',34),
(212,717,'161.00',21),
(728,428,'93.00',50),
(481,58,'150.00',10),
(516,995,'36.00',14),
(699,87,'229.00',24),
(456,533,'53.00',15),
(742,300,'93.00',28),
(461,851,'203.00',47),
(967,508,'114.00',26),
(502,193,'217.00',1),
(921,822,'64.00',29),
(118,267,'191.00',15),
(231,217,'92.00',50),
(428,45,'275.00',26),
(176,117,'265.00',21),
(466,903,'60.00',5),
(660,701,'247.00',26),
(896,348,'266.00',25),
(933,195,'273.00',2),
(816,977,'242.00',43),
(445,160,'191.00',5),
(217,380,'271.00',27),
(199,238,'229.00',9),
(811,101,'149.00',5),
(786,264,'111.00',1),
(471,987,'125.00',50),
(447,778,'60.00',39),
(780,115,'228.00',3),
(911,277,'126.00',45),
(993,79,'254.00',30),
(919,840,'253.00',25),
(174,792,'202.00',13),
(167,54,'264.00',23),
(784,459,'135.00',33),
(548,1,'203.00',48),
(464,348,'192.00',39),
(491,547,'224.00',11),
(861,520,'162.00',17),
(173,603,'74.00',22),
(560,505,'101.00',28),
(923,15,'251.00',29),
(792,321,'69.00',6),
(311,720,'201.00',23),
(646,64,'139.00',28),
(121,693,'107.00',17),
(415,171,'41.00',37),
(406,904,'284.00',31),
(276,907,'270.00',2),
(234,396,'139.00',9),
(480,882,'129.00',28),
(595,828,'173.00',49),
(245,735,'88.00',42),
(901,35,'300.00',9),
(360,576,'41.00',19),
(186,416,'111.00',42),
(849,654,'149.00',50),
(302,408,'55.00',28),
(831,562,'40.00',40),
(619,366,'72.00',11),
(958,470,'108.00',50),
(268,189,'281.00',28),
(581,340,'40.00',48),
(762,123,'134.00',25),
(449,614,'92.00',33),
(820,575,'174.00',46),
(250,923,'95.00',1),
(248,112,'196.00',2),
(482,188,'128.00',44),
(900,628,'36.00',26),
(676,375,'32.00',16),
(959,177,'43.00',9),
(78,269,'36.00',16),
(651,386,'157.00',21),
(695,614,'86.00',10),
(846,788,'186.00',30),
(60,902,'97.00',43),
(927,213,'145.00',43),
(746,509,'57.00',14),
(515,797,'168.00',25),
(69,606,'128.00',20),
(918,338,'146.00',39),
(738,348,'175.00',36),
(119,137,'97.00',50),
(742,525,'77.00',23),
(362,456,'195.00',32),
(268,551,'48.00',23),
(413,280,'40.00',12),
(383,283,'62.00',11),
(21,256,'142.00',47),
(341,536,'183.00',8),
(246,135,'67.00',32),
(531,457,'199.00',28),
(43,656,'58.00',46),
(677,1000,'47.00',29),
(14,490,'188.00',20),
(327,174,'130.00',14),
(640,227,'174.00',31),
(946,321,'61.00',50),
(561,939,'169.00',48),
(615,15,'144.00',46),
(545,363,'32.00',27),
(783,22,'81.00',48),
(256,896,'197.00',24),
(506,801,'101.00',49),
(438,272,'64.00',11),
(270,660,'108.00',25),
(431,563,'193.00',13),
(963,223,'176.00',19),
(233,290,'181.00',1),
(518,985,'109.00',31),
(523,388,'33.00',16),
(856,755,'184.00',44),
(64,720,'59.00',14),
(665,260,'57.00',47),
(216,292,'180.00',5),
(187,451,'62.00',10),
(594,951,'156.00',14),
(642,678,'160.00',10),
(486,864,'146.00',25),
(51,350,'165.00',14),
(509,13,'69.00',16),
(51,670,'128.00',6),
(875,669,'102.00',35),
(668,559,'116.00',41),
(655,76,'57.00',9),
(5,126,'65.00',30),
(9,925,'198.00',23),
(876,972,'61.00',39),
(405,763,'59.00',10),
(693,87,'96.00',42),
(11,671,'65.00',15),
(470,493,'56.00',37),
(534,114,'121.00',24),
(690,481,'96.00',7),
(310,398,'34.00',7),
(203,687,'94.00',5),
(583,304,'156.00',43),
(194,577,'159.00',11),
(806,824,'52.00',29),
(945,833,'167.00',12),
(136,527,'43.00',41),
(441,324,'141.00',47),
(520,566,'82.00',24),
(73,895,'185.00',27),
(923,294,'56.00',35),
(872,864,'35.00',5),
(502,871,'111.00',43),
(894,293,'176.00',44),
(364,618,'107.00',29),
(466,510,'197.00',28),
(934,634,'83.00',21),
(446,565,'125.00',5),
(71,916,'191.00',28),
(134,137,'200.00',36),
(843,613,'112.00',9),
(478,939,'50.00',3),
(10,502,'59.00',25),
(414,848,'144.00',15),
(243,872,'32.00',30),
(764,796,'118.00',29),
(463,33,'58.00',43),
(186,261,'154.00',28),
(119,479,'108.00',17),
(282,696,'31.00',1),
(110,264,'132.00',13),
(578,79,'89.00',31),
(453,774,'126.00',24),
(867,822,'106.00',24),
(285,302,'98.00',27),
(756,342,'32.00',27),
(187,30,'180.00',26),
(874,963,'140.00',31),
(477,948,'187.00',43),
(301,8,'63.00',8),
(790,414,'104.00',15),
(64,772,'57.00',21),
(296,845,'153.00',7),
(44,56,'191.00',48),
(62,619,'52.00',7),
(276,463,'106.00',49),
(330,207,'191.00',22),
(237,428,'112.00',21),
(140,523,'74.00',23),
(237,998,'162.00',36),
(369,565,'64.00',32),
(10,780,'180.00',30),
(338,499,'158.00',2),
(39,726,'166.00',39),
(570,724,'182.00',26),
(472,612,'37.00',46),
(612,385,'57.00',6),
(339,982,'59.00',26),
(740,571,'127.00',36),
(848,195,'119.00',20),
(847,266,'58.00',32),
(540,223,'54.00',25),
(822,853,'83.00',41),
(703,336,'161.00',27),
(465,916,'187.00',24),
(152,661,'84.00',43),
(704,364,'97.00',36),
(220,296,'55.00',27),
(98,289,'116.00',22),
(812,280,'174.00',45),
(963,391,'107.00',46),
(913,371,'137.00',46),
(329,950,'163.00',8),
(742,71,'42.00',49),
(899,758,'83.00',38),
(512,891,'88.00',45),
(833,211,'176.00',20),
(486,923,'134.00',8),
(578,909,'69.00',50),
(476,298,'197.00',33),
(850,769,'52.00',9),
(473,4,'121.00',26),
(257,216,'59.00',30),
(127,71,'176.00',45),
(772,650,'111.00',28),
(784,794,'41.00',16),
(893,678,'86.00',32),
(109,504,'47.00',15),
(906,425,'83.00',19),
(685,775,'61.00',47),
(635,53,'52.00',10),
(145,486,'184.00',35),
(155,489,'67.00',18),
(658,680,'129.00',48),
(857,580,'126.00',10),
(459,537,'113.00',37),
(339,467,'48.00',24),
(783,400,'79.00',19),
(969,508,'31.00',29),
(522,442,'126.00',15),
(482,738,'41.00',17),
(654,388,'90.00',20),
(138,671,'167.00',36),
(218,293,'187.00',38),
(496,192,'177.00',50),
(380,58,'98.00',37),
(515,364,'76.00',12),
(648,267,'52.00',32),
(20,866,'65.00',37),
(197,288,'192.00',48),
(985,550,'32.00',21),
(766,100,'105.00',24),
(967,287,'171.00',38),
(108,518,'106.00',32),
(396,811,'64.00',23),
(896,270,'56.00',33),
(111,957,'76.00',32),
(610,632,'176.00',12),
(589,37,'61.00',14),
(417,849,'112.00',25),
(696,106,'88.00',13),
(246,219,'123.00',4),
(999,48,'46.00',14),
(140,675,'196.00',4),
(479,934,'154.00',22),
(864,102,'118.00',19),
(283,418,'95.00',44),
(455,826,'31.00',15),
(666,395,'208.00',15),
(624,463,'165.00',12),
(813,102,'264.00',9),
(21,924,'132.00',1),
(138,702,'223.00',12),
(775,317,'145.00',15),
(558,571,'167.00',13),
(994,981,'166.00',5),
(674,362,'72.00',13),
(919,197,'43.00',8),
(687,964,'226.00',2),
(444,443,'241.00',13),
(382,42,'36.00',7),
(933,259,'246.00',5),
(737,529,'37.00',6),
(373,96,'227.00',1),
(521,918,'231.00',10),
(940,56,'140.00',11),
(290,211,'124.00',7),
(449,867,'36.00',14),
(949,574,'137.00',8),
(530,797,'66.00',9),
(546,390,'252.00',5),
(675,475,'281.00',11),
(176,154,'139.00',1),
(134,876,'39.00',7),
(161,682,'61.00',8),
(969,44,'128.00',1),
(682,85,'110.00',1),
(466,538,'155.00',5),
(592,276,'114.00',2),
(765,280,'122.00',5),
(161,775,'52.00',10),
(550,417,'269.00',6),
(256,399,'130.00',5),
(327,125,'48.00',13),
(507,729,'244.00',2),
(888,787,'100.00',1),
(648,565,'215.00',3),
(152,974,'53.00',14),
(812,151,'131.00',8),
(354,371,'210.00',5),
(383,388,'49.00',8),
(119,869,'230.00',4),
(871,13,'148.00',4),
(812,140,'43.00',1),
(485,461,'81.00',5),
(738,1000,'224.00',1),
(978,506,'228.00',5),
(561,219,'53.00',14),
(352,769,'258.00',12),
(265,516,'113.00',11),
(279,12,'295.00',8),
(675,452,'105.00',7),
(525,518,'155.00',1),
(111,240,'200.00',13),
(467,926,'195.00',10),
(295,924,'255.00',9),
(281,317,'121.00',14),
(273,193,'75.00',11),
(747,413,'60.00',1),
(409,268,'52.00',10),
(834,744,'213.00',15),
(552,380,'184.00',15),
(98,85,'183.00',10),
(716,708,'80.00',10),
(89,562,'53.00',1),
(836,464,'81.00',2),
(732,278,'63.00',12),
(1000,96,'207.00',9),
(343,21,'177.00',10),
(508,605,'82.00',1),
(15,61,'263.00',8),
(561,822,'191.00',15),
(895,238,'56.00',11),
(806,539,'197.00',8),
(111,26,'259.00',5),
(763,615,'212.00',14),
(281,572,'214.00',2),
(256,201,'80.00',15),
(208,333,'163.00',9),
(158,653,'91.00',15),
(356,512,'38.00',1),
(875,561,'126.00',4),
(485,423,'139.00',1),
(479,90,'273.00',2),
(760,499,'292.00',11),
(304,428,'227.00',1),
(108,549,'221.00',3),
(877,982,'31.00',2),
(923,564,'122.00',9),
(863,372,'218.00',11),
(216,685,'270.00',13),
(311,560,'188.00',2),
(911,555,'262.00',12),
(543,772,'32.00',13),
(49,255,'50.00',14),
(344,568,'175.00',2),
(656,883,'180.00',1),
(866,34,'35.00',4),
(3,656,'254.00',13),
(498,259,'47.00',8),
(432,168,'264.00',9),
(556,171,'202.00',2),
(735,489,'68.00',7),
(195,968,'126.00',11),
(212,37,'61.00',8),
(549,66,'289.00',1),
(7,65,'173.00',15),
(988,266,'247.00',1),
(199,691,'109.00',1),
(225,367,'102.00',6),
(37,944,'151.00',13),
(749,996,'79.00',4),
(942,808,'232.00',1),
(138,585,'175.00',3),
(910,196,'50.00',1),
(266,755,'213.00',2),
(18,804,'87.00',11),
(497,67,'195.00',1),
(502,116,'33.00',13),
(748,469,'183.00',12),
(126,687,'45.00',15),
(599,606,'119.00',10),
(799,347,'145.00',6),
(977,941,'222.00',14),
(27,728,'169.00',10),
(107,876,'235.00',8),
(609,465,'52.00',10),
(119,112,'108.00',1),
(31,652,'45.00',13),
(30,543,'172.00',14),
(677,164,'176.00',6),
(800,472,'45.00',7),
(551,996,'137.00',2),
(570,945,'231.00',8),
(852,90,'54.00',3),
(697,843,'270.00',15),
(885,425,'235.00',7),
(312,688,'151.00',13),
(714,759,'291.00',8),
(965,90,'153.00',12),
(500,244,'286.00',12),
(281,498,'167.00',12),
(661,150,'152.00',5),
(304,877,'47.00',12),
(588,51,'93.00',5),
(583,363,'73.00',3),
(598,733,'103.00',13),
(695,688,'159.00',15),
(539,454,'159.00',7),
(174,627,'208.00',1),
(280,207,'100.00',6),
(687,858,'185.00',7),
(929,441,'166.00',15),
(990,768,'180.00',3),
(719,821,'234.00',11),
(800,421,'55.00',11),
(134,707,'103.00',2),
(855,415,'102.00',13),
(341,312,'294.00',9),
(197,309,'197.00',4),
(872,992,'203.00',5),
(690,154,'140.00',10),
(388,563,'251.00',11),
(973,249,'287.00',11),
(173,524,'47.00',2),
(661,771,'113.00',3),
(534,904,'296.00',1),
(878,510,'278.00',5),
(267,243,'48.00',4),
(930,851,'202.00',13),
(137,794,'31.00',11),
(271,76,'259.00',11),
(195,47,'220.00',6),
(322,158,'286.00',2),
(306,863,'45.00',14),
(789,662,'143.00',15),
(598,251,'138.00',14),
(748,977,'235.00',8),
(666,630,'64.00',12),
(934,523,'280.00',2),
(689,971,'151.00',1),
(18,885,'225.00',5),
(231,270,'230.00',2),
(374,928,'152.00',12),
(758,684,'240.00',5),
(185,980,'219.00',6),
(297,982,'175.00',15),
(974,502,'287.00',15),
(541,450,'226.00',10),
(691,505,'84.00',6),
(814,792,'196.00',12),
(259,184,'245.00',10),
(765,986,'74.00',3),
(459,585,'66.00',6),
(270,269,'222.00',6),
(208,422,'127.00',14),
(429,894,'131.00',7);

--Tabla ‘local_jugueteria’
INSERT INTO local_jugueteria(id_jugueteria, tel_local)
VALUES
(1,5558780174),
(2,1234567890),
(3,1237894560),
(4,'8765164919'),
(5,'1126310272'),
(6,'4205961566'),
(7,'9761581785'),
(8,'3637265887'),
(9,'4622687969'),
(10,'4531140920');



--Tabla ‘dir_local’
INSERT INTO dir_local(id_jugueteria, calle_jugueteria, colonia_jugueteria,delegacion_jugueteria,num_int_jugueteria,num_ext_jugueteria)
VALUES
(1,'AV Héroes de Chapultepec','Melchor Ocampo Centro','Melchor Ocampo','3','777'),
(2,'Paseo de los Sueños', 'Jardines de la Imaginación','Coyoacán','999','999'),
(3,'Avenida del Arco Iris','Barrio del Ensueño','Benito Juárez','777','3'),
(4,'Fames LLC','Leinster','Bad Ischl','DDE16TKK8RP','YUY20ONR4QN'),
(5,'Nam LLP','Kujawsko-pomorskie','Cabadbaran','SOB68WPX8RH','QOF81UNQ6BW'),
(6,'Nec Institute','Missouri','Jeju','YKB91ZNN1AW','QRB16SFR1YY'),
(7,'Malesuada Limited','KwaZulu-Natal','Rotterdam','MXJ47JSF3SL','AYV38LRL3CR'),
(8,'Eget Inc.','Zhytomyr oblast','Ibagué','OKQ23DUH8QS','IJY52FCL4PS'),
(9,'Amet Inc.','Maule','Belfast','ISI40VEW9SS','MMT97DOL3NG'),
(10,'Orci Ut Semper Foundation','West Region','Auckland','LRG31QBV1BF','ONI51RJS7MM');

--Tabla ‘envio_proveedor'
INSERT INTO envio_proveedor(id_envio, id_jugueteria, folio_proveedor, costo_envio, fecha_envio, fecha_entrega)
VALUES
(1, 2, 1, 30.00, '2023-08-09', '2023-08-19'),
(2, 3, 2, 32.00, '2023-11-13', '2023-11-23'),
(3, 2, 3, 2.00, '2023-01-29', '2023-02-18'),
(4, 3, 4, 113.00, '2023-03-14', '2023-04-03'),
(5, 3, 5, 2.00, '2023-03-08', '2023-03-23'),
(6, 2, 6, 39.00, '2023-10-10', '2023-10-25'),
(7, 1, 7, 30.00, '2023-11-24', '2023-12-09'),
(8, 2, 8, 30.00, '2023-05-10', '2023-05-25'),
(9, 2, 9, 36.00, '2023-03-21', '2023-04-10'),
(10, 3, 10, 30.00, '2023-08-23', '2023-09-12'),
(11, 1, 11, 2.00, '2023-10-13', '2023-11-02'),
(12, 3, 12, 32.00, '2023-08-20', '2023-09-09'),
(13, 3, 13, 32.00, '2023-01-27', '2023-02-06'),
(14, 2, 14, 36.00, '2023-07-16', '2023-07-31'),
(15, 3, 15, 30.00, '2023-03-19', '2023-04-08'),
(16, 3, 16, 113.00, '2023-12-09', '2023-12-29'),
(17, 1, 17, 4.00, '2023-09-10', '2023-09-30'),
(18, 3, 18, 113.00, '2023-06-26', '2023-07-16'),
(19, 3, 19, 30.00, '2023-06-20', '2023-07-05'),
(20, 1, 20, 36.00, '2023-12-02', '2023-12-17'),
(21, 1, 21, 32.00, '2023-04-15', '2023-04-25'),
(22, 1, 22, 39.00, '2023-06-12', '2023-06-27'),
(23, 2, 23, 36.00, '2023-05-05', '2023-05-15'),
(24, 1, 24, 4.00, '2023-01-11', '2023-01-31'),
(25, 1, 25, 39.00, '2023-03-13', '2023-03-23'),
(26, 1, 26, 2.00, '2023-03-24', '2023-04-08'),
(27, 3, 27, 36.00, '2023-01-24', '2023-02-13'),
(28, 2, 28, 4.00, '2023-01-06', '2023-01-26'),
(29, 1, 29, 2.00, '2023-12-20', '2024-01-09'),
(30, 2, 30, 32.00, '2023-10-09', '2023-10-24'),
(31, 3, 31, 30.00, '2023-04-25', '2023-05-10'),
(32, 2, 32, 30.00, '2023-02-22', '2023-03-04'),
(33, 3, 33, 4.00, '2023-08-22', '2023-09-11'),
(34, 1, 34, 39.00, '2023-04-03', '2023-04-13'),
(35, 1, 35, 113.00, '2023-04-14', '2023-04-29'),
(36, 3, 36, 4.00, '2023-02-11', '2023-02-26'),
(37, 1, 37, 113.00, '2023-08-27', '2023-09-06'),
(38, 2, 38, 39.00, '2023-10-26', '2023-11-05'),
(39, 3, 39, 113.00, '2023-05-09', '2023-05-29'),
(40, 3, 40, 2.00, '2023-07-08', '2023-07-28'),
(41, 2, 41, 32.00, '2023-03-26', '2023-04-10'),
(42, 2, 42, 30.00, '2023-05-23', '2023-06-07'),
(43, 2, 43, 113.00, '2023-06-08', '2023-06-18'),
(44, 3, 44, 30.00, '2023-06-04', '2023-06-19'),
(45, 2, 45, 4.00, '2023-12-24', '2024-01-13'),
(46, 2, 46, 39.00, '2023-08-11', '2023-08-31'),
(47, 2, 47, 30.00, '2023-04-29', '2023-05-09'),
(48, 3, 48, 39.00, '2023-10-28', '2023-11-12'),
(49, 2, 49, 39.00, '2023-08-05', '2023-08-25'),
(50, 2, 50, 36.00, '2023-01-09', '2023-01-24'),
(51, 2, 51, 4.00, '2023-03-29', '2023-04-13'),
(52, 2, 52, 30.00, '2023-09-28', '2023-10-18'),
(53, 2, 53, 2.00, '2023-08-11', '2023-08-26'),
(54, 2, 54, 30.00, '2023-02-12', '2023-03-04'),
(55, 3, 55, 39.00, '2023-02-21', '2023-03-13'),
(56, 3, 56, 113.00, '2023-07-09', '2023-07-24'),
(57, 3, 57, 36.00, '2023-07-14', '2023-08-03'),
(58, 1, 58, 113.00, '2023-07-25', '2023-08-09'),
(59, 3, 59, 4.00, '2023-08-09', '2023-08-19'),
(60, 3, 60, 113.00, '2023-09-26', '2023-10-16'),
(61, 3, 61, 36.00, '2023-12-09', '2023-12-24'),
(62, 1, 62, 39.00, '2023-05-06', '2023-05-16'),
(63, 3, 63, 113.00, '2023-06-19', '2023-07-09'),
(64, 3, 64, 4.00, '2023-03-07', '2023-03-22'),
(65, 2, 65, 4.00, '2023-07-18', '2023-07-28'),
(66, 1, 66, 32.00, '2023-06-12', '2023-06-22'),
(67, 3, 67, 36.00, '2023-06-28', '2023-07-13'),
(68, 1, 68, 39.00, '2023-06-03', '2023-06-13'),
(69, 3, 69, 32.00, '2023-06-11', '2023-06-26'),
(70, 1, 70, 32.00, '2023-12-28', '2024-01-12'),
(71, 3, 71, 30.00, '2023-06-28', '2023-07-08'),
(72, 2, 72, 2.00, '2023-10-08', '2023-10-28'),
(73, 3, 73, 32.00, '2023-08-20', '2023-08-30'),
(74, 3, 74, 39.00, '2023-04-17', '2023-05-02'),
(75, 2, 75, 32.00, '2023-12-19', '2024-01-08'),
(76, 3, 76, 30.00, '2023-09-26', '2023-10-11'),
(77, 2, 77, 113.00, '2023-07-24', '2023-08-08'),
(78, 1, 78, 113.00, '2023-06-04', '2023-06-24'),
(79, 3, 79, 4.00, '2023-12-19', '2023-12-29'),
(80, 1, 80, 36.00, '2023-02-17', '2023-03-09'),
(81, 1, 81, 36.00, '2023-12-20', '2024-01-04'),
(82, 2, 82, 2.00, '2023-03-22', '2023-04-01'),
(83, 1, 83, 30.00, '2023-05-17', '2023-06-01'),
(84, 2, 84, 32.00, '2023-04-18', '2023-05-08'),
(85, 2, 85, 2.00, '2023-01-11', '2023-01-21'),
(86, 3, 86, 4.00, '2023-04-23', '2023-05-08'),
(87, 1, 87, 4.00, '2023-04-03', '2023-04-18'),
(88, 1, 88, 39.00, '2023-10-04', '2023-10-24'),
(89, 1, 89, 30.00, '2023-01-20', '2023-02-04'),
(90, 1, 90, 36.00, '2023-06-22', '2023-07-12'),
(91, 3, 91, 36.00, '2023-11-10', '2023-11-30'),
(92, 2, 92, 32.00, '2023-10-05', '2023-10-25'),
(93, 2, 93, 113.00, '2023-07-20', '2023-08-09'),
(94, 2, 94, 4.00, '2023-02-15', '2023-03-02'),
(95, 1, 95, 2.00, '2023-06-28', '2023-07-18'),
(96, 1, 96, 36.00, '2023-07-09', '2023-07-24'),
(97, 3, 97, 2.00, '2023-06-10', '2023-06-20'),
(98, 3, 98, 113.00, '2023-11-06', '2023-11-16'),
(99, 3, 99, 39.00, '2023-07-11', '2023-07-26'),
(100, 3, 100, 32.00, '2023-03-23', '2023-04-07'),
(101, 3, 101, 30.00, '2023-04-23', '2023-05-13'),
(102, 1, 102, 30.00, '2023-11-16', '2023-12-01'),
(103, 1, 103, 2.00, '2023-05-20', '2023-06-09'),
(104, 1, 104, 30.00, '2023-03-02', '2023-03-22'),
(105, 2, 105, 113.00, '2023-06-26', '2023-07-16'),
(106, 3, 106, 4.00, '2023-06-12', '2023-06-27'),
(107, 1, 107, 113.00, '2023-08-22', '2023-09-11'),
(108, 2, 108, 2.00, '2023-03-17', '2023-04-01'),
(109, 1, 109, 36.00, '2023-04-25', '2023-05-05'),
(110, 3, 110, 2.00, '2023-07-19', '2023-08-08'),
(111, 2, 111, 32.00, '2023-01-18', '2023-01-28'),
(112, 2, 112, 4.00, '2023-04-16', '2023-04-26'),
(113, 2, 113, 36.00, '2023-10-12', '2023-11-01'),
(114, 3, 114, 2.00, '2023-01-04', '2023-01-24'),
(115, 3, 115, 39.00, '2023-12-24', '2024-01-13'),
(116, 2, 116, 36.00, '2023-08-07', '2023-08-22'),
(117, 3, 117, 32.00, '2023-03-02', '2023-03-22'),
(118, 3, 118, 4.00, '2023-01-19', '2023-02-03'),
(119, 1, 119, 36.00, '2023-07-02', '2023-07-17'),
(120, 2, 120, 30.00, '2023-10-10', '2023-10-30'),
(121, 3, 121, 32.00, '2023-04-28', '2023-05-13'),
(122, 2, 122, 30.00, '2023-06-17', '2023-07-07'),
(123, 1, 123, 4.00, '2023-01-19', '2023-01-29'),
(124, 3, 124, 30.00, '2023-11-06', '2023-11-21'),
(125, 2, 125, 30.00, '2023-08-29', '2023-09-08'),
(126, 1, 126, 39.00, '2023-05-15', '2023-05-30'),
(127, 2, 127, 30.00, '2023-03-04', '2023-03-14'),
(128, 2, 128, 113.00, '2023-02-06', '2023-02-26'),
(129, 1, 129, 39.00, '2023-07-15', '2023-08-04'),
(130, 1, 130, 39.00, '2023-08-03', '2023-08-13'),
(131, 1, 131, 113.00, '2023-04-09', '2023-04-29'),
(132, 3, 132, 39.00, '2023-12-13', '2024-01-02'),
(133, 1, 133, 4.00, '2023-08-02', '2023-08-12'),
(134, 1, 134, 2.00, '2023-11-22', '2023-12-02'),
(135, 1, 135, 39.00, '2023-06-07', '2023-06-17'),
(136, 3, 136, 32.00, '2023-04-07', '2023-04-22'),
(137, 3, 137, 36.00, '2023-10-02', '2023-10-22'),
(138, 1, 138, 36.00, '2023-05-13', '2023-05-23'),
(139, 2, 139, 4.00, '2023-11-11', '2023-12-01'),
(140, 3, 140, 30.00, '2023-07-27', '2023-08-06'),
(141, 2, 141, 113.00, '2023-11-08', '2023-11-18'),
(142, 1, 142, 2.00, '2023-04-25', '2023-05-05'),
(143, 2, 143, 32.00, '2023-07-09', '2023-07-19'),
(144, 3, 144, 36.00, '2023-02-23', '2023-03-05'),
(145, 1, 145, 36.00, '2023-02-19', '2023-03-11'),
(146, 1, 146, 32.00, '2023-08-19', '2023-08-29'),
(147, 2, 147, 36.00, '2023-10-27', '2023-11-06'),
(148, 1, 148, 30.00, '2023-08-04', '2023-08-19'),
(149, 2, 149, 36.00, '2023-11-20', '2023-11-30'),
(150, 3, 150, 32.00, '2023-10-13', '2023-10-28'),
(151, 3, 151, 2.00, '2023-07-03', '2023-07-13'),
(152, 2, 152, 113.00, '2023-07-05', '2023-07-15'),
(153, 1, 153, 2.00, '2023-12-05', '2023-12-25'),
(154, 2, 154, 36.00, '2023-11-09', '2023-11-29'),
(155, 2, 155, 30.00, '2023-04-29', '2023-05-09'),
(156, 3, 156, 36.00, '2023-03-16', '2023-04-05'),
(157, 2, 157, 2.00, '2023-01-18', '2023-02-02'),
(158, 3, 158, 30.00, '2023-04-09', '2023-04-19'),
(159, 1, 159, 32.00, '2023-06-24', '2023-07-09'),
(160, 1, 160, 2.00, '2023-09-17', '2023-09-27'),
(161, 1, 161, 36.00, '2023-08-19', '2023-08-29'),
(162, 2, 162, 36.00, '2023-05-03', '2023-05-18'),
(163, 3, 163, 39.00, '2023-09-18', '2023-10-03'),
(164, 1, 164, 36.00, '2023-06-29', '2023-07-09'),
(165, 2, 165, 113.00, '2023-10-21', '2023-11-05'),
(166, 3, 166, 30.00, '2023-02-20', '2023-03-02'),
(167, 2, 167, 113.00, '2023-12-17', '2024-01-06'),
(168, 3, 168, 4.00, '2023-06-07', '2023-06-17'),
(169, 2, 169, 32.00, '2023-03-03', '2023-03-13'),
(170, 2, 170, 39.00, '2023-08-21', '2023-09-10'),
(171, 2, 171, 36.00, '2023-02-11', '2023-03-03'),
(172, 2, 172, 39.00, '2023-07-12', '2023-07-22'),
(173, 1, 173, 32.00, '2023-06-21', '2023-07-06'),
(174, 3, 174, 32.00, '2023-12-09', '2023-12-19'),
(175, 3, 175, 36.00, '2023-01-05', '2023-01-15'),
(176, 3, 176, 113.00, '2023-06-29', '2023-07-14'),
(177, 2, 177, 2.00, '2023-01-19', '2023-02-08'),
(178, 3, 178, 113.00, '2023-01-26', '2023-02-05'),
(179, 1, 179, 32.00, '2023-07-22', '2023-08-11'),
(180, 3, 180, 2.00, '2023-12-28', '2024-01-17'),
(181, 2, 181, 113.00, '2023-09-07', '2023-09-17'),
(182, 3, 182, 2.00, '2023-04-10', '2023-04-25'),
(183, 3, 183, 113.00, '2023-08-09', '2023-08-19'),
(184, 3, 184, 39.00, '2023-08-11', '2023-08-26'),
(185, 1, 185, 32.00, '2023-08-24', '2023-09-08'),
(186, 1, 186, 30.00, '2023-12-07', '2023-12-17'),
(187, 1, 187, 2.00, '2023-05-26', '2023-06-10'),
(188, 3, 188, 39.00, '2023-08-09', '2023-08-24'),
(189, 1, 189, 30.00, '2023-02-24', '2023-03-16'),
(190, 3, 190, 113.00, '2023-07-11', '2023-07-26'),
(191, 1, 191, 36.00, '2023-05-24', '2023-06-08'),
(192, 1, 192, 32.00, '2023-06-13', '2023-06-23'),
(193, 3, 193, 39.00, '2023-06-14', '2023-07-04'),
(194, 1, 194, 39.00, '2023-02-15', '2023-03-02'),
(195, 2, 195, 4.00, '2023-05-18', '2023-06-07'),
(196, 2, 196, 2.00, '2023-05-08', '2023-05-18'),
(197, 1, 197, 39.00, '2023-02-13', '2023-02-28'),
(198, 3, 198, 113.00, '2023-04-03', '2023-04-18'),
(199, 2, 199, 113.00, '2023-10-06', '2023-10-21'),
(200, 1, 200, 39.00, '2023-06-02', '2023-06-17'),
(201, 2, 201, 30.00, '2023-09-26', '2023-10-11'),
(202, 3, 202, 36.00, '2023-11-28', '2023-12-18'),
(203, 1, 203, 39.00, '2023-02-20', '2023-03-12'),
(204, 1, 204, 113.00, '2023-11-07', '2023-11-27'),
(205, 2, 205, 4.00, '2023-09-03', '2023-09-18'),
(206, 3, 206, 2.00, '2023-11-21', '2023-12-01'),
(207, 1, 207, 30.00, '2023-01-20', '2023-02-04'),
(208, 3, 208, 39.00, '2023-04-17', '2023-04-27'),
(209, 2, 209, 32.00, '2023-06-24', '2023-07-14'),
(210, 3, 210, 36.00, '2023-06-21', '2023-07-06'),
(211, 3, 211, 36.00, '2023-07-12', '2023-07-22'),
(212, 2, 212, 32.00, '2023-06-24', '2023-07-09'),
(213, 1, 213, 39.00, '2023-02-25', '2023-03-17'),
(214, 2, 214, 36.00, '2023-08-23', '2023-09-02'),
(215, 2, 215, 4.00, '2023-12-29', '2024-01-13'),
(216, 3, 216, 39.00, '2023-03-25', '2023-04-09'),
(217, 1, 217, 113.00, '2023-10-04', '2023-10-14'),
(218, 1, 218, 30.00, '2023-09-17', '2023-09-27'),
(219, 2, 219, 36.00, '2023-01-16', '2023-01-26'),
(220, 2, 220, 4.00, '2023-10-23', '2023-11-07'),
(221, 1, 221, 36.00, '2023-06-24', '2023-07-09'),
(222, 1, 222, 2.00, '2023-02-15', '2023-03-02'),
(223, 2, 223, 32.00, '2023-06-29', '2023-07-19'),
(224, 2, 224, 4.00, '2023-03-25', '2023-04-04'),
(225, 2, 225, 32.00, '2023-12-09', '2023-12-24'),
(226, 2, 226, 39.00, '2023-04-11', '2023-04-21'),
(227, 2, 227, 113.00, '2023-10-11', '2023-10-31'),
(228, 1, 228, 4.00, '2023-11-09', '2023-11-29'),
(229, 3, 229, 2.00, '2023-01-16', '2023-01-26'),
(230, 2, 230, 2.00, '2023-06-17', '2023-06-27'),
(231, 1, 231, 36.00, '2023-06-06', '2023-06-26'),
(232, 1, 232, 113.00, '2023-11-04', '2023-11-14'),
(233, 2, 233, 30.00, '2023-06-25', '2023-07-15'),
(234, 3, 234, 36.00, '2023-05-06', '2023-05-21'),
(235, 1, 235, 32.00, '2023-02-11', '2023-02-21'),
(236, 2, 236, 36.00, '2023-05-03', '2023-05-23'),
(237, 3, 237, 30.00, '2023-02-03', '2023-02-23'),
(238, 3, 238, 30.00, '2023-12-13', '2024-01-02'),
(239, 2, 239, 36.00, '2023-03-05', '2023-03-25'),
(240, 3, 240, 2.00, '2023-11-24', '2023-12-04'),
(241, 1, 241, 30.00, '2023-09-05', '2023-09-20'),
(242, 3, 242, 30.00, '2023-12-26', '2024-01-10'),
(243, 1, 243, 4.00, '2023-10-22', '2023-11-11'),
(244, 2, 244, 4.00, '2023-03-26', '2023-04-05'),
(245, 2, 245, 2.00, '2023-12-23', '2024-01-02'),
(246, 1, 246, 32.00, '2023-12-05', '2023-12-15'),
(247, 2, 247, 36.00, '2023-03-07', '2023-03-22'),
(248, 1, 248, 39.00, '2023-01-12', '2023-02-01'),
(249, 1, 249, 32.00, '2023-07-07', '2023-07-22'),
(250, 2, 250, 113.00, '2023-06-21', '2023-07-01'),
(251, 2, 251, 30.00, '2023-10-04', '2023-10-19'),
(252, 3, 252, 32.00, '2023-11-25', '2023-12-15'),
(253, 1, 253, 2.00, '2023-08-14', '2023-09-03'),
(254, 2, 254, 30.00, '2023-06-19', '2023-07-09'),
(255, 3, 255, 39.00, '2023-01-18', '2023-01-28'),
(256, 2, 256, 2.00, '2023-10-24', '2023-11-13'),
(257, 2, 257, 39.00, '2023-12-11', '2023-12-21'),
(258, 3, 258, 113.00, '2023-02-14', '2023-03-06'),
(259, 2, 259, 30.00, '2023-08-06', '2023-08-21'),
(260, 3, 260, 113.00, '2023-06-26', '2023-07-16'),
(261, 1, 261, 32.00, '2023-02-05', '2023-02-15'),
(262, 3, 262, 39.00, '2023-07-06', '2023-07-26'),
(263, 1, 263, 113.00, '2023-10-06', '2023-10-16'),
(264, 1, 264, 32.00, '2023-02-21', '2023-03-08'),
(265, 1, 265, 2.00, '2023-09-15', '2023-10-05'),
(266, 2, 266, 39.00, '2023-01-07', '2023-01-17'),
(267, 2, 267, 2.00, '2023-09-27', '2023-10-07'),
(268, 3, 268, 113.00, '2023-05-19', '2023-05-29'),
(269, 1, 269, 32.00, '2023-06-20', '2023-07-05'),
(270, 1, 270, 2.00, '2023-01-09', '2023-01-19'),
(271, 1, 271, 39.00, '2023-07-18', '2023-07-28'),
(272, 1, 272, 30.00, '2023-09-29', '2023-10-19'),
(273, 3, 273, 113.00, '2023-06-14', '2023-07-04'),
(274, 3, 274, 36.00, '2023-01-14', '2023-02-03'),
(275, 3, 275, 2.00, '2023-07-19', '2023-08-03'),
(276, 1, 276, 2.00, '2023-04-23', '2023-05-08'),
(277, 3, 277, 113.00, '2023-10-11', '2023-10-21'),
(278, 2, 278, 32.00, '2023-11-06', '2023-11-26'),
(279, 1, 279, 36.00, '2023-05-05', '2023-05-20'),
(280, 2, 280, 39.00, '2023-08-05', '2023-08-25'),
(281, 1, 281, 36.00, '2023-09-24', '2023-10-04'),
(282, 3, 282, 30.00, '2023-08-10', '2023-08-20'),
(283, 2, 283, 30.00, '2023-07-04', '2023-07-24'),
(284, 2, 284, 2.00, '2023-06-21', '2023-07-11'),
(285, 1, 285, 36.00, '2023-05-06', '2023-05-26'),
(286, 1, 286, 2.00, '2023-11-05', '2023-11-25'),
(287, 3, 287, 36.00, '2023-12-07', '2023-12-22'),
(288, 2, 288, 113.00, '2023-11-24', '2023-12-04'),
(289, 1, 289, 30.00, '2023-06-15', '2023-06-30'),
(290, 1, 290, 113.00, '2023-08-29', '2023-09-08'),
(291, 1, 291, 2.00, '2023-11-20', '2023-11-30'),
(292, 3, 292, 39.00, '2023-04-29', '2023-05-19'),
(293, 1, 293, 113.00, '2023-10-08', '2023-10-28'),
(294, 1, 294, 113.00, '2023-02-16', '2023-02-26'),
(295, 2, 295, 39.00, '2023-10-12', '2023-11-01'),
(296, 1, 296, 32.00, '2023-11-29', '2023-12-09'),
(297, 1, 297, 4.00, '2023-08-19', '2023-09-03'),
(298, 2, 298, 113.00, '2023-10-19', '2023-11-08'),
(299, 1, 299, 32.00, '2023-04-26', '2023-05-16'),
(300, 3, 300, 113.00, '2023-12-13', '2023-12-23'),
(301, 1, 301, 39.00, '2023-08-19', '2023-09-03'),
(302, 3, 302, 2.00, '2023-10-24', '2023-11-08'),
(303, 3, 303, 2.00, '2023-01-25', '2023-02-14'),
(304, 3, 304, 36.00, '2023-11-17', '2023-12-07'),
(305, 3, 305, 39.00, '2023-01-09', '2023-01-29'),
(306, 2, 306, 4.00, '2023-09-11', '2023-10-01'),
(307, 3, 307, 113.00, '2023-09-23', '2023-10-08'),
(308, 1, 308, 4.00, '2023-12-29', '2024-01-18'),
(309, 1, 309, 39.00, '2023-06-26', '2023-07-06'),
(310, 2, 310, 30.00, '2023-02-26', '2023-03-13'),
(311, 1, 311, 39.00, '2023-06-14', '2023-06-24'),
(312, 1, 312, 39.00, '2023-08-05', '2023-08-20'),
(313, 3, 313, 2.00, '2023-11-15', '2023-11-30'),
(314, 2, 314, 2.00, '2023-07-20', '2023-08-09'),
(315, 1, 315, 4.00, '2023-04-15', '2023-04-30'),
(316, 3, 316, 32.00, '2023-04-16', '2023-05-01'),
(317, 3, 317, 4.00, '2023-09-29', '2023-10-19'),
(318, 1, 318, 30.00, '2023-12-17', '2024-01-01'),
(319, 3, 319, 4.00, '2023-12-12', '2023-12-27'),
(320, 2, 320, 32.00, '2023-12-12', '2023-12-27'),
(321, 2, 321, 4.00, '2023-02-17', '2023-03-09'),
(322, 1, 322, 39.00, '2023-07-21', '2023-07-31'),
(323, 3, 323, 39.00, '2023-12-10', '2023-12-25'),
(324, 3, 324, 30.00, '2023-05-09', '2023-05-19'),
(325, 2, 325, 2.00, '2023-07-18', '2023-08-02'),
(326, 3, 326, 32.00, '2023-10-10', '2023-10-20'),
(327, 2, 327, 36.00, '2023-05-02', '2023-05-22'),
(328, 3, 328, 2.00, '2023-05-08', '2023-05-18'),
(329, 1, 329, 4.00, '2023-06-25', '2023-07-10'),
(330, 1, 330, 32.00, '2023-04-24', '2023-05-04'),
(331, 1, 331, 32.00, '2023-04-19', '2023-05-04'),
(332, 3, 332, 32.00, '2023-02-15', '2023-03-07'),
(333, 3, 333, 30.00, '2023-11-27', '2023-12-12'),
(334, 1, 334, 2.00, '2023-12-08', '2023-12-28'),
(335, 1, 335, 36.00, '2023-12-20', '2024-01-04'),
(336, 1, 336, 32.00, '2023-07-11', '2023-07-21'),
(337, 2, 337, 4.00, '2023-12-19', '2024-01-03'),
(338, 2, 338, 36.00, '2023-11-03', '2023-11-13'),
(339, 2, 339, 4.00, '2023-05-19', '2023-05-29'),
(340, 2, 340, 36.00, '2023-11-27', '2023-12-07'),
(341, 1, 341, 32.00, '2023-07-06', '2023-07-16'),
(342, 1, 342, 113.00, '2023-02-24', '2023-03-11'),
(343, 1, 343, 32.00, '2023-03-03', '2023-03-13'),
(344, 3, 344, 36.00, '2023-10-02', '2023-10-17'),
(345, 2, 345, 2.00, '2023-07-15', '2023-07-25'),
(346, 1, 346, 4.00, '2023-05-17', '2023-06-06'),
(347, 2, 347, 32.00, '2023-10-29', '2023-11-13'),
(348, 1, 348, 39.00, '2023-04-18', '2023-05-03'),
(349, 2, 349, 30.00, '2023-03-02', '2023-03-22'),
(350, 2, 350, 36.00, '2023-04-16', '2023-04-26'),
(351, 2, 351, 30.00, '2023-06-24', '2023-07-04'),
(352, 3, 352, 2.00, '2023-12-03', '2023-12-18'),
(353, 3, 353, 30.00, '2023-07-09', '2023-07-29'),
(354, 1, 354, 30.00, '2023-01-21', '2023-01-31'),
(355, 3, 355, 30.00, '2023-10-15', '2023-10-30'),
(356, 2, 356, 39.00, '2023-01-20', '2023-02-04'),
(357, 2, 357, 32.00, '2023-12-22', '2024-01-01'),
(358, 3, 358, 32.00, '2023-02-08', '2023-02-28'),
(359, 3, 359, 32.00, '2023-09-14', '2023-10-04'),
(360, 1, 360, 32.00, '2023-09-18', '2023-10-08'),
(361, 1, 361, 2.00, '2023-10-27', '2023-11-11'),
(362, 1, 362, 36.00, '2023-03-17', '2023-04-01'),
(363, 3, 363, 36.00, '2023-07-24', '2023-08-03'),
(364, 1, 364, 36.00, '2023-11-20', '2023-12-05'),
(365, 3, 365, 113.00, '2023-03-29', '2023-04-18'),
(366, 3, 366, 32.00, '2023-08-20', '2023-08-30'),
(367, 3, 367, 39.00, '2023-01-02', '2023-01-12'),
(368, 2, 368, 4.00, '2023-04-05', '2023-04-25'),
(369, 2, 369, 32.00, '2023-03-16', '2023-04-05'),
(370, 1, 370, 113.00, '2023-07-07', '2023-07-27'),
(371, 1, 371, 2.00, '2023-11-28', '2023-12-13'),
(372, 2, 372, 30.00, '2023-03-29', '2023-04-13'),
(373, 2, 373, 2.00, '2023-01-25', '2023-02-09'),
(374, 1, 374, 2.00, '2023-06-25', '2023-07-10'),
(375, 3, 375, 4.00, '2023-11-29', '2023-12-19'),
(376, 1, 376, 39.00, '2023-09-12', '2023-09-22'),
(377, 1, 377, 32.00, '2023-12-09', '2023-12-19'),
(378, 3, 378, 39.00, '2023-09-22', '2023-10-02'),
(379, 2, 379, 39.00, '2023-07-08', '2023-07-23'),
(380, 2, 380, 32.00, '2023-06-13', '2023-06-28'),
(381, 2, 381, 36.00, '2023-01-19', '2023-01-29'),
(382, 2, 382, 32.00, '2023-06-10', '2023-06-20'),
(383, 2, 383, 30.00, '2023-12-18', '2024-01-02'),
(384, 1, 384, 36.00, '2023-03-05', '2023-03-15'),
(385, 3, 385, 39.00, '2023-12-26', '2024-01-15'),
(386, 3, 386, 39.00, '2023-09-25', '2023-10-05'),
(387, 2, 387, 113.00, '2023-03-11', '2023-03-21'),
(388, 1, 388, 39.00, '2023-01-26', '2023-02-05'),
(389, 3, 389, 32.00, '2023-08-23', '2023-09-12'),
(390, 2, 390, 30.00, '2023-08-13', '2023-08-23'),
(391, 2, 391, 30.00, '2023-06-04', '2023-06-19'),
(392, 3, 392, 30.00, '2023-02-13', '2023-02-28'),
(393, 2, 393, 32.00, '2023-04-10', '2023-04-25'),
(394, 1, 394, 39.00, '2023-06-11', '2023-06-21'),
(395, 3, 395, 4.00, '2023-03-21', '2023-03-31'),
(396, 1, 396, 30.00, '2023-05-10', '2023-05-30'),
(397, 1, 397, 4.00, '2023-03-22', '2023-04-01'),
(398, 3, 398, 4.00, '2023-02-13', '2023-03-05'),
(399, 3, 399, 4.00, '2023-12-27', '2024-01-11'),
(400, 2, 400, 2.00, '2023-02-25', '2023-03-17'),
(401, 3, 401, 32.00, '2023-06-03', '2023-06-18'),
(402, 3, 402, 113.00, '2023-09-16', '2023-09-26'),
(403, 1, 403, 4.00, '2023-07-05', '2023-07-20'),
(404, 2, 404, 2.00, '2023-04-28', '2023-05-18'),
(405, 1, 405, 30.00, '2023-11-10', '2023-11-25'),
(406, 3, 406, 39.00, '2023-04-08', '2023-04-28'),
(407, 1, 407, 36.00, '2023-07-28', '2023-08-12'),
(408, 3, 408, 39.00, '2023-05-17', '2023-05-27'),
(409, 2, 409, 2.00, '2023-09-23', '2023-10-03'),
(410, 3, 410, 113.00, '2023-06-19', '2023-06-29'),
(411, 2, 411, 4.00, '2023-09-24', '2023-10-04'),
(412, 2, 412, 30.00, '2023-12-18', '2024-01-07'),
(413, 1, 413, 113.00, '2023-06-19', '2023-07-04'),
(414, 1, 414, 36.00, '2023-05-09', '2023-05-24'),
(415, 2, 415, 39.00, '2023-02-10', '2023-02-20'),
(416, 2, 416, 30.00, '2023-01-29', '2023-02-13'),
(417, 1, 417, 30.00, '2023-12-02', '2023-12-22'),
(418, 2, 418, 36.00, '2023-09-02', '2023-09-22'),
(419, 3, 419, 39.00, '2023-03-02', '2023-03-22'),
(420, 2, 420, 30.00, '2023-06-02', '2023-06-22'),
(421, 3, 421, 32.00, '2023-12-21', '2023-12-31'),
(422, 3, 422, 30.00, '2023-02-20', '2023-03-12'),
(423, 1, 423, 113.00, '2023-08-11', '2023-08-21'),
(424, 3, 424, 113.00, '2023-01-17', '2023-02-01'),
(425, 2, 425, 32.00, '2023-03-04', '2023-03-19'),
(426, 2, 426, 36.00, '2023-01-12', '2023-01-22'),
(427, 2, 427, 32.00, '2023-06-03', '2023-06-18'),
(428, 1, 428, 113.00, '2023-07-23', '2023-08-12'),
(429, 2, 429, 30.00, '2023-09-06', '2023-09-16'),
(430, 3, 430, 2.00, '2023-02-25', '2023-03-17'),
(431, 1, 431, 30.00, '2023-02-16', '2023-03-08'),
(432, 1, 432, 39.00, '2023-10-18', '2023-11-02'),
(433, 3, 433, 2.00, '2023-01-09', '2023-01-19'),
(434, 3, 434, 2.00, '2023-11-08', '2023-11-23'),
(435, 1, 435, 39.00, '2023-11-21', '2023-12-11'),
(436, 1, 436, 39.00, '2023-03-20', '2023-03-30'),
(437, 2, 437, 2.00, '2023-03-26', '2023-04-05'),
(438, 3, 438, 4.00, '2023-10-07', '2023-10-17'),
(439, 2, 439, 36.00, '2023-04-11', '2023-04-26'),
(440, 2, 440, 4.00, '2023-08-20', '2023-08-30'),
(441, 3, 441, 2.00, '2023-03-10', '2023-03-30'),
(442, 1, 442, 4.00, '2023-03-18', '2023-03-28'),
(443, 2, 443, 4.00, '2023-01-23', '2023-02-12'),
(444, 2, 444, 39.00, '2023-08-14', '2023-09-03'),
(445, 1, 445, 39.00, '2023-05-12', '2023-05-22'),
(446, 3, 446, 2.00, '2023-09-12', '2023-10-02'),
(447, 2, 447, 39.00, '2023-08-11', '2023-08-31'),
(448, 3, 448, 39.00, '2023-02-11', '2023-02-21'),
(449, 1, 449, 113.00, '2023-01-17', '2023-02-01'),
(450, 1, 450, 30.00, '2023-09-02', '2023-09-22'),
(451, 1, 451, 30.00, '2023-11-11', '2023-11-21'),
(452, 2, 452, 2.00, '2023-11-13', '2023-11-23'),
(453, 3, 453, 39.00, '2023-09-07', '2023-09-17'),
(454, 1, 454, 2.00, '2023-07-28', '2023-08-17'),
(455, 3, 455, 36.00, '2023-05-07', '2023-05-27'),
(456, 3, 456, 32.00, '2023-12-29', '2024-01-08'),
(457, 1, 457, 36.00, '2023-03-29', '2023-04-18'),
(458, 2, 458, 113.00, '2023-08-25', '2023-09-09'),
(459, 2, 459, 2.00, '2023-12-14', '2024-01-03'),
(460, 3, 460, 113.00, '2023-04-26', '2023-05-06'),
(461, 2, 461, 2.00, '2023-03-01', '2023-03-21'),
(462, 1, 462, 113.00, '2023-03-09', '2023-03-19'),
(463, 1, 463, 113.00, '2023-10-13', '2023-10-28'),
(464, 3, 464, 2.00, '2023-04-20', '2023-04-30'),
(465, 2, 465, 113.00, '2023-01-25', '2023-02-14'),
(466, 3, 466, 113.00, '2023-02-24', '2023-03-06'),
(467, 3, 467, 32.00, '2023-10-05', '2023-10-15'),
(468, 3, 468, 32.00, '2023-02-23', '2023-03-10'),
(469, 1, 469, 4.00, '2023-04-16', '2023-05-06'),
(470, 2, 470, 2.00, '2023-08-13', '2023-09-02'),
(471, 3, 471, 39.00, '2023-08-10', '2023-08-20'),
(472, 3, 472, 4.00, '2023-08-19', '2023-08-29'),
(473, 2, 473, 113.00, '2023-01-18', '2023-02-02'),
(474, 3, 474, 32.00, '2023-05-24', '2023-06-08'),
(475, 2, 475, 30.00, '2023-08-26', '2023-09-10'),
(476, 2, 476, 36.00, '2023-05-07', '2023-05-27'),
(477, 1, 477, 30.00, '2023-05-07', '2023-05-17'),
(478, 1, 478, 32.00, '2023-04-20', '2023-05-05'),
(479, 3, 479, 36.00, '2023-12-08', '2023-12-28'),
(480, 2, 480, 2.00, '2023-12-13', '2023-12-28'),
(481, 3, 481, 36.00, '2023-07-13', '2023-07-28'),
(482, 1, 482, 2.00, '2023-05-13', '2023-06-02'),
(483, 2, 483, 2.00, '2023-11-26', '2023-12-11'),
(484, 2, 484, 4.00, '2023-01-18', '2023-01-28'),
(485, 1, 485, 2.00, '2023-07-17', '2023-08-01'),
(486, 3, 486, 32.00, '2023-07-25', '2023-08-14'),
(487, 1, 487, 4.00, '2023-12-04', '2023-12-14'),
(488, 2, 488, 39.00, '2023-11-06', '2023-11-16'),
(489, 1, 489, 2.00, '2023-04-10', '2023-04-30'),
(490, 3, 490, 4.00, '2023-04-12', '2023-04-27'),
(491, 1, 491, 32.00, '2023-01-20', '2023-02-09'),
(492, 3, 492, 36.00, '2023-06-16', '2023-07-01'),
(493, 1, 493, 4.00, '2023-06-22', '2023-07-07'),
(494, 1, 494, 4.00, '2023-06-02', '2023-06-12'),
(495, 1, 495, 36.00, '2023-03-28', '2023-04-17'),
(496, 3, 496, 2.00, '2023-11-03', '2023-11-18'),
(497, 1, 497, 36.00, '2023-06-17', '2023-06-27'),
(498, 3, 498, 2.00, '2023-09-22', '2023-10-12'),
(499, 2, 499, 32.00, '2023-01-23', '2023-02-07'),
(500, 3, 500, 2.00, '2023-07-26', '2023-08-10'),
(501, 2, 501, 4.00, '2023-07-27', '2023-08-11'),
(502, 2, 502, 36.00, '2023-04-04', '2023-04-24'),
(503, 1, 503, 32.00, '2023-11-20', '2023-12-10'),
(504, 3, 504, 2.00, '2023-06-24', '2023-07-14'),
(505, 1, 505, 32.00, '2023-09-10', '2023-09-20'),
(506, 1, 506, 4.00, '2023-12-09', '2023-12-24'),
(507, 3, 507, 36.00, '2023-11-23', '2023-12-13'),
(508, 1, 508, 2.00, '2023-05-21', '2023-06-05'),
(509, 3, 509, 32.00, '2023-01-14', '2023-01-24'),
(510, 2, 510, 2.00, '2023-04-02', '2023-04-17'),
(511, 1, 511, 36.00, '2023-02-05', '2023-02-25'),
(512, 3, 512, 32.00, '2023-10-27', '2023-11-06'),
(513, 2, 513, 32.00, '2023-07-10', '2023-07-25'),
(514, 3, 514, 39.00, '2023-12-21', '2024-01-10'),
(515, 3, 515, 30.00, '2023-07-21', '2023-07-31'),
(516, 3, 516, 113.00, '2023-07-04', '2023-07-24'),
(517, 1, 517, 39.00, '2023-02-16', '2023-02-26'),
(518, 2, 518, 4.00, '2023-03-02', '2023-03-12'),
(519, 3, 519, 2.00, '2023-08-25', '2023-09-14'),
(520, 2, 520, 39.00, '2023-09-08', '2023-09-23'),
(521, 3, 521, 113.00, '2023-07-28', '2023-08-07'),
(522, 1, 522, 2.00, '2023-01-14', '2023-01-24'),
(523, 1, 523, 32.00, '2023-07-17', '2023-07-27'),
(524, 1, 524, 32.00, '2023-08-10', '2023-08-25'),
(525, 2, 525, 39.00, '2023-04-18', '2023-05-08'),
(526, 1, 526, 39.00, '2023-08-02', '2023-08-12'),
(527, 2, 527, 4.00, '2023-08-03', '2023-08-23'),
(528, 2, 528, 32.00, '2023-01-17', '2023-02-06'),
(529, 1, 529, 36.00, '2023-03-25', '2023-04-04'),
(530, 1, 530, 113.00, '2023-12-05', '2023-12-15'),
(531, 2, 531, 30.00, '2023-11-26', '2023-12-11'),
(532, 3, 532, 36.00, '2023-04-12', '2023-04-22'),
(533, 2, 533, 30.00, '2023-04-12', '2023-05-02'),
(534, 2, 534, 36.00, '2023-11-29', '2023-12-09'),
(535, 2, 535, 4.00, '2023-01-10', '2023-01-30'),
(536, 1, 536, 32.00, '2023-07-16', '2023-07-31'),
(537, 2, 537, 2.00, '2023-01-28', '2023-02-17'),
(538, 3, 538, 32.00, '2023-11-27', '2023-12-07'),
(539, 3, 539, 4.00, '2023-10-28', '2023-11-12'),
(540, 3, 540, 113.00, '2023-10-24', '2023-11-08'),
(541, 1, 541, 113.00, '2023-06-25', '2023-07-15'),
(542, 3, 542, 113.00, '2023-03-10', '2023-03-30'),
(543, 3, 543, 36.00, '2023-03-29', '2023-04-13'),
(544, 3, 544, 32.00, '2023-03-07', '2023-03-27'),
(545, 2, 545, 32.00, '2023-07-04', '2023-07-24'),
(546, 2, 546, 39.00, '2023-08-07', '2023-08-17'),
(547, 1, 547, 2.00, '2023-02-20', '2023-03-02'),
(548, 3, 548, 30.00, '2023-03-12', '2023-04-01'),
(549, 3, 549, 39.00, '2023-12-09', '2023-12-29'),
(550, 1, 550, 4.00, '2023-06-25', '2023-07-10'),
(551, 1, 551, 30.00, '2023-08-04', '2023-08-24'),
(552, 1, 552, 30.00, '2023-01-29', '2023-02-18'),
(553, 2, 553, 30.00, '2023-06-16', '2023-06-26'),
(554, 3, 554, 113.00, '2023-11-24', '2023-12-04'),
(555, 2, 555, 30.00, '2023-08-28', '2023-09-07'),
(556, 2, 556, 2.00, '2023-05-20', '2023-05-30'),
(557, 3, 557, 113.00, '2023-01-14', '2023-01-29'),
(558, 1, 558, 39.00, '2023-11-16', '2023-11-26'),
(559, 2, 559, 32.00, '2023-01-16', '2023-02-05'),
(560, 3, 560, 113.00, '2023-04-25', '2023-05-05'),
(561, 1, 561, 113.00, '2023-09-14', '2023-09-24'),
(562, 2, 562, 113.00, '2023-10-29', '2023-11-18'),
(563, 1, 563, 36.00, '2023-05-13', '2023-06-02'),
(564, 2, 564, 39.00, '2023-06-14', '2023-07-04'),
(565, 1, 565, 36.00, '2023-09-07', '2023-09-27'),
(566, 2, 566, 39.00, '2023-12-14', '2024-01-03'),
(567, 1, 567, 32.00, '2023-12-06', '2023-12-16'),
(568, 3, 568, 113.00, '2023-05-08', '2023-05-18'),
(569, 2, 569, 4.00, '2023-04-10', '2023-04-25'),
(570, 3, 570, 2.00, '2023-09-18', '2023-09-28'),
(571, 3, 571, 2.00, '2023-01-18', '2023-02-02'),
(572, 2, 572, 4.00, '2023-03-06', '2023-03-16'),
(573, 2, 573, 113.00, '2023-11-10', '2023-11-20'),
(574, 3, 574, 39.00, '2023-05-09', '2023-05-19'),
(575, 3, 575, 32.00, '2023-08-08', '2023-08-23'),
(576, 2, 576, 32.00, '2023-07-09', '2023-07-29'),
(577, 3, 577, 2.00, '2023-06-24', '2023-07-04'),
(578, 3, 578, 39.00, '2023-08-22', '2023-09-01'),
(579, 1, 579, 39.00, '2023-01-29', '2023-02-13'),
(580, 2, 580, 36.00, '2023-05-11', '2023-05-26'),
(581, 2, 581, 2.00, '2023-03-23', '2023-04-12'),
(582, 3, 582, 32.00, '2023-04-27', '2023-05-17'),
(583, 3, 583, 4.00, '2023-09-02', '2023-09-22'),
(584, 1, 584, 30.00, '2023-12-13', '2024-01-02'),
(585, 2, 585, 39.00, '2023-09-21', '2023-10-06'),
(586, 3, 586, 39.00, '2023-11-29', '2023-12-14'),
(587, 2, 587, 39.00, '2023-06-15', '2023-06-30'),
(588, 3, 588, 113.00, '2023-07-20', '2023-08-09'),
(589, 3, 589, 36.00, '2023-12-17', '2024-01-06'),
(590, 3, 590, 2.00, '2023-11-29', '2023-12-14'),
(591, 3, 591, 2.00, '2023-07-08', '2023-07-18'),
(592, 2, 592, 30.00, '2023-09-17', '2023-10-07'),
(593, 3, 593, 2.00, '2023-06-14', '2023-06-29'),
(594, 1, 594, 30.00, '2023-08-28', '2023-09-12'),
(595, 1, 595, 32.00, '2023-04-10', '2023-04-20'),
(596, 1, 596, 2.00, '2023-03-19', '2023-04-08'),
(597, 1, 597, 32.00, '2023-07-27', '2023-08-11'),
(598, 3, 598, 39.00, '2023-07-15', '2023-07-25'),
(599, 2, 599, 113.00, '2023-09-08', '2023-09-18'),
(600, 3, 600, 36.00, '2023-05-28', '2023-06-17'),
(601, 1, 601, 30.00, '2023-10-07', '2023-10-22'),
(602, 3, 602, 2.00, '2023-03-13', '2023-03-23'),
(603, 3, 603, 32.00, '2023-11-19', '2023-11-29'),
(604, 1, 604, 36.00, '2023-09-21', '2023-10-11'),
(605, 3, 605, 32.00, '2023-07-25', '2023-08-14'),
(606, 1, 606, 36.00, '2023-02-07', '2023-02-27'),
(607, 3, 607, 39.00, '2023-12-20', '2024-01-09'),
(608, 2, 608, 113.00, '2023-04-22', '2023-05-07'),
(609, 2, 609, 113.00, '2023-09-08', '2023-09-18'),
(610, 3, 610, 2.00, '2023-05-23', '2023-06-02'),
(611, 1, 611, 2.00, '2023-06-02', '2023-06-17'),
(612, 3, 612, 30.00, '2023-11-25', '2023-12-05'),
(613, 1, 613, 113.00, '2023-07-13', '2023-08-02'),
(614, 3, 614, 30.00, '2023-11-17', '2023-12-02'),
(615, 3, 615, 4.00, '2023-08-07', '2023-08-17'),
(616, 3, 616, 32.00, '2023-08-09', '2023-08-29'),
(617, 2, 617, 4.00, '2023-10-13', '2023-11-02'),
(618, 2, 618, 36.00, '2023-04-03', '2023-04-13'),
(619, 3, 619, 32.00, '2023-09-02', '2023-09-12'),
(620, 1, 620, 32.00, '2023-02-25', '2023-03-07'),
(621, 2, 621, 2.00, '2023-04-19', '2023-05-09'),
(622, 3, 622, 2.00, '2023-10-21', '2023-11-05'),
(623, 3, 623, 4.00, '2023-10-11', '2023-10-26'),
(624, 2, 624, 39.00, '2023-12-06', '2023-12-26'),
(625, 2, 625, 36.00, '2023-02-14', '2023-03-01'),
(626, 3, 626, 113.00, '2023-09-14', '2023-10-04'),
(627, 3, 627, 39.00, '2023-03-28', '2023-04-07'),
(628, 3, 628, 30.00, '2023-07-25', '2023-08-09'),
(629, 3, 629, 39.00, '2023-06-03', '2023-06-23'),
(630, 3, 630, 4.00, '2023-08-02', '2023-08-12'),
(631, 2, 631, 30.00, '2023-04-19', '2023-05-04'),
(632, 1, 632, 32.00, '2023-07-09', '2023-07-24'),
(633, 2, 633, 32.00, '2023-05-06', '2023-05-26'),
(634, 1, 634, 36.00, '2023-09-12', '2023-10-02'),
(635, 3, 635, 36.00, '2023-02-21', '2023-03-03'),
(636, 2, 636, 36.00, '2023-05-06', '2023-05-21'),
(637, 2, 637, 113.00, '2023-03-08', '2023-03-28'),
(638, 1, 638, 39.00, '2023-07-26', '2023-08-15'),
(639, 1, 639, 2.00, '2023-03-04', '2023-03-19'),
(640, 2, 640, 36.00, '2023-01-06', '2023-01-16'),
(641, 2, 641, 32.00, '2023-01-10', '2023-01-30'),
(642, 1, 642, 2.00, '2023-11-09', '2023-11-24'),
(643, 3, 643, 39.00, '2023-11-03', '2023-11-18'),
(644, 1, 644, 4.00, '2023-09-18', '2023-10-08'),
(645, 3, 645, 36.00, '2023-01-13', '2023-02-02'),
(646, 2, 646, 113.00, '2023-12-22', '2024-01-06'),
(647, 1, 647, 39.00, '2023-05-07', '2023-05-27'),
(648, 1, 648, 30.00, '2023-06-27', '2023-07-17'),
(649, 1, 649, 113.00, '2023-05-19', '2023-05-29'),
(650, 1, 650, 4.00, '2023-09-17', '2023-10-07'),
(651, 2, 651, 2.00, '2023-03-09', '2023-03-24'),
(652, 3, 652, 32.00, '2023-04-22', '2023-05-07'),
(653, 3, 653, 32.00, '2023-03-19', '2023-04-08'),
(654, 2, 654, 30.00, '2023-02-17', '2023-03-04'),
(655, 1, 655, 113.00, '2023-01-17', '2023-02-01'),
(656, 3, 656, 39.00, '2023-03-02', '2023-03-12'),
(657, 3, 657, 32.00, '2023-06-10', '2023-06-20'),
(658, 3, 658, 2.00, '2023-02-20', '2023-03-02'),
(659, 1, 659, 32.00, '2023-02-27', '2023-03-09'),
(660, 3, 660, 30.00, '2023-04-13', '2023-04-23'),
(661, 1, 661, 30.00, '2023-10-03', '2023-10-18'),
(662, 3, 662, 113.00, '2023-11-11', '2023-11-26'),
(663, 2, 663, 30.00, '2023-03-29', '2023-04-13'),
(664, 2, 664, 2.00, '2023-08-06', '2023-08-21'),
(665, 1, 665, 4.00, '2023-05-16', '2023-05-31'),
(666, 2, 666, 36.00, '2023-08-12', '2023-08-22'),
(667, 3, 667, 2.00, '2023-01-26', '2023-02-15'),
(668, 3, 668, 36.00, '2023-10-15', '2023-10-25'),
(669, 1, 669, 39.00, '2023-06-23', '2023-07-03'),
(670, 1, 670, 2.00, '2023-04-12', '2023-04-22'),
(671, 2, 671, 2.00, '2023-08-18', '2023-09-07'),
(672, 1, 672, 4.00, '2023-01-23', '2023-02-02'),
(673, 1, 673, 39.00, '2023-04-26', '2023-05-16'),
(674, 1, 674, 4.00, '2023-10-09', '2023-10-29'),
(675, 2, 675, 39.00, '2023-11-07', '2023-11-17'),
(676, 2, 676, 36.00, '2023-11-11', '2023-11-21'),
(677, 3, 677, 32.00, '2023-02-21', '2023-03-03'),
(678, 2, 678, 36.00, '2023-04-16', '2023-05-01'),
(679, 2, 679, 113.00, '2023-09-06', '2023-09-16'),
(680, 2, 680, 30.00, '2023-02-19', '2023-03-11'),
(681, 1, 681, 30.00, '2023-10-13', '2023-11-02'),
(682, 1, 682, 4.00, '2023-11-24', '2023-12-09'),
(683, 2, 683, 39.00, '2023-08-12', '2023-08-22'),
(684, 1, 684, 39.00, '2023-05-19', '2023-06-08'),
(685, 2, 685, 4.00, '2023-07-11', '2023-07-26'),
(686, 2, 686, 36.00, '2023-08-12', '2023-08-22'),
(687, 1, 687, 4.00, '2023-08-28', '2023-09-17'),
(688, 3, 688, 39.00, '2023-10-24', '2023-11-03'),
(689, 1, 689, 39.00, '2023-07-04', '2023-07-19'),
(690, 3, 690, 39.00, '2023-01-29', '2023-02-13'),
(691, 2, 691, 113.00, '2023-03-12', '2023-04-01'),
(692, 2, 692, 113.00, '2023-07-13', '2023-07-23'),
(693, 3, 693, 2.00, '2023-10-09', '2023-10-29'),
(694, 1, 694, 4.00, '2023-05-22', '2023-06-11'),
(695, 1, 695, 39.00, '2023-12-06', '2023-12-26'),
(696, 3, 696, 39.00, '2023-04-04', '2023-04-24'),
(697, 3, 697, 32.00, '2023-04-16', '2023-04-26'),
(698, 2, 698, 113.00, '2023-11-18', '2023-12-08'),
(699, 1, 699, 32.00, '2023-08-11', '2023-08-26'),
(700, 1, 700, 39.00, '2023-05-26', '2023-06-15'),
(701, 2, 701, 4.00, '2023-02-20', '2023-03-02'),
(702, 3, 702, 2.00, '2023-08-08', '2023-08-28'),
(703, 2, 703, 4.00, '2023-05-23', '2023-06-02'),
(704, 2, 704, 2.00, '2023-12-12', '2023-12-27'),
(705, 3, 705, 2.00, '2023-08-21', '2023-09-05'),
(706, 1, 706, 36.00, '2023-09-28', '2023-10-18'),
(707, 3, 707, 39.00, '2023-05-13', '2023-05-28'),
(708, 1, 708, 4.00, '2023-01-20', '2023-02-04'),
(709, 1, 709, 4.00, '2023-02-10', '2023-02-20'),
(710, 2, 710, 4.00, '2023-12-27', '2024-01-16'),
(711, 3, 711, 39.00, '2023-06-26', '2023-07-16'),
(712, 3, 712, 32.00, '2023-07-24', '2023-08-08'),
(713, 2, 713, 30.00, '2023-03-11', '2023-03-21'),
(714, 2, 714, 30.00, '2023-06-20', '2023-07-10'),
(715, 3, 715, 39.00, '2023-07-22', '2023-08-01'),
(716, 2, 716, 113.00, '2023-07-17', '2023-07-27'),
(717, 2, 717, 39.00, '2023-10-05', '2023-10-25'),
(718, 1, 718, 2.00, '2023-09-28', '2023-10-08'),
(719, 2, 719, 39.00, '2023-03-04', '2023-03-24'),
(720, 3, 720, 39.00, '2023-05-24', '2023-06-13'),
(721, 1, 721, 32.00, '2023-04-16', '2023-05-01'),
(722, 3, 722, 113.00, '2023-07-19', '2023-07-29'),
(723, 2, 723, 4.00, '2023-10-29', '2023-11-08'),
(724, 2, 724, 36.00, '2023-02-24', '2023-03-11'),
(725, 1, 725, 39.00, '2023-02-09', '2023-02-19'),
(726, 2, 726, 113.00, '2023-02-21', '2023-03-08'),
(727, 2, 727, 30.00, '2023-04-15', '2023-04-25'),
(728, 3, 728, 30.00, '2023-07-29', '2023-08-08'),
(729, 2, 729, 30.00, '2023-07-03', '2023-07-13'),
(730, 3, 730, 113.00, '2023-02-04', '2023-02-14'),
(731, 3, 731, 32.00, '2023-06-16', '2023-06-26'),
(732, 1, 732, 30.00, '2023-01-28', '2023-02-07'),
(733, 3, 733, 39.00, '2023-04-18', '2023-05-03'),
(734, 2, 734, 32.00, '2023-05-05', '2023-05-25'),
(735, 1, 735, 4.00, '2023-10-08', '2023-10-28'),
(736, 3, 736, 2.00, '2023-05-07', '2023-05-22'),
(737, 3, 737, 39.00, '2023-10-17', '2023-11-06'),
(738, 1, 738, 36.00, '2023-09-21', '2023-10-06'),
(739, 3, 739, 30.00, '2023-03-18', '2023-04-02'),
(740, 2, 740, 32.00, '2023-11-12', '2023-12-02'),
(741, 2, 741, 2.00, '2023-03-02', '2023-03-17'),
(742, 2, 742, 39.00, '2023-10-17', '2023-11-06'),
(743, 2, 743, 32.00, '2023-06-17', '2023-07-02'),
(744, 2, 744, 30.00, '2023-08-10', '2023-08-30'),
(745, 1, 745, 113.00, '2023-09-28', '2023-10-13'),
(746, 1, 746, 39.00, '2023-12-29', '2024-01-13'),
(747, 3, 747, 39.00, '2023-11-02', '2023-11-17'),
(748, 1, 748, 36.00, '2023-03-15', '2023-03-25'),
(749, 1, 749, 36.00, '2023-02-04', '2023-02-24'),
(750, 2, 750, 39.00, '2023-06-11', '2023-07-01'),
(751, 2, 751, 2.00, '2023-07-18', '2023-08-02'),
(752, 1, 752, 32.00, '2023-02-03', '2023-02-13'),
(753, 1, 753, 39.00, '2023-01-25', '2023-02-04'),
(754, 1, 754, 113.00, '2023-07-05', '2023-07-25'),
(755, 2, 755, 32.00, '2023-04-07', '2023-04-22'),
(756, 2, 756, 36.00, '2023-05-28', '2023-06-07'),
(757, 2, 757, 2.00, '2023-01-24', '2023-02-13'),
(758, 2, 758, 36.00, '2023-05-13', '2023-06-02'),
(759, 1, 759, 32.00, '2023-01-18', '2023-01-28'),
(760, 2, 760, 2.00, '2023-10-17', '2023-11-01'),
(761, 1, 761, 39.00, '2023-03-27', '2023-04-16'),
(762, 1, 762, 32.00, '2023-09-05', '2023-09-25'),
(763, 2, 763, 2.00, '2023-01-14', '2023-02-03'),
(764, 1, 764, 39.00, '2023-01-27', '2023-02-06'),
(765, 2, 765, 113.00, '2023-10-02', '2023-10-17'),
(766, 2, 766, 30.00, '2023-10-11', '2023-10-26'),
(767, 3, 767, 4.00, '2023-05-17', '2023-06-01'),
(768, 2, 768, 2.00, '2023-07-12', '2023-07-22'),
(769, 3, 769, 2.00, '2023-12-26', '2024-01-05'),
(770, 3, 770, 2.00, '2023-10-29', '2023-11-13'),
(771, 3, 771, 113.00, '2023-08-20', '2023-09-09'),
(772, 2, 772, 36.00, '2023-02-04', '2023-02-19'),
(773, 1, 773, 113.00, '2023-10-28', '2023-11-07'),
(774, 3, 774, 113.00, '2023-10-25', '2023-11-09'),
(775, 2, 775, 113.00, '2023-05-10', '2023-05-30'),
(776, 1, 776, 32.00, '2023-09-10', '2023-09-30'),
(777, 1, 777, 2.00, '2023-11-21', '2023-12-11'),
(778, 1, 778, 30.00, '2023-02-17', '2023-03-09'),
(779, 2, 779, 4.00, '2023-01-27', '2023-02-06'),
(780, 2, 780, 39.00, '2023-02-23', '2023-03-05'),
(781, 1, 781, 30.00, '2023-10-14', '2023-10-29'),
(782, 1, 782, 32.00, '2023-12-11', '2023-12-26'),
(783, 2, 783, 4.00, '2023-12-08', '2023-12-28'),
(784, 2, 784, 30.00, '2023-06-24', '2023-07-04'),
(785, 1, 785, 36.00, '2023-11-06', '2023-11-16'),
(786, 2, 786, 39.00, '2023-11-24', '2023-12-04'),
(787, 2, 787, 32.00, '2023-11-04', '2023-11-19'),
(788, 2, 788, 2.00, '2023-11-22', '2023-12-12'),
(789, 2, 789, 32.00, '2023-09-02', '2023-09-17'),
(790, 2, 790, 32.00, '2023-07-09', '2023-07-29'),
(791, 2, 791, 113.00, '2023-04-06', '2023-04-16'),
(792, 3, 792, 30.00, '2023-09-15', '2023-10-05'),
(793, 3, 793, 32.00, '2023-03-04', '2023-03-24'),
(794, 2, 794, 4.00, '2023-11-14', '2023-11-24'),
(795, 3, 795, 36.00, '2023-01-09', '2023-01-19'),
(796, 1, 796, 2.00, '2023-07-12', '2023-07-27'),
(797, 2, 797, 32.00, '2023-02-21', '2023-03-08'),
(798, 2, 798, 2.00, '2023-07-22', '2023-08-06'),
(799, 1, 799, 36.00, '2023-05-23', '2023-06-02'),
(800, 3, 800, 113.00, '2023-03-05', '2023-03-25'),
(801, 2, 801, 39.00, '2023-12-02', '2023-12-17'),
(802, 2, 802, 113.00, '2023-12-08', '2023-12-18'),
(803, 2, 803, 113.00, '2023-11-13', '2023-12-03'),
(804, 2, 804, 113.00, '2023-12-26', '2024-01-05'),
(805, 1, 805, 4.00, '2023-09-03', '2023-09-13'),
(806, 1, 806, 39.00, '2023-04-28', '2023-05-08'),
(807, 3, 807, 113.00, '2023-08-10', '2023-08-20'),
(808, 3, 808, 113.00, '2023-08-28', '2023-09-17'),
(809, 3, 809, 4.00, '2023-07-19', '2023-08-03'),
(810, 1, 810, 30.00, '2023-10-14', '2023-10-24'),
(811, 3, 811, 2.00, '2023-06-28', '2023-07-13'),
(812, 3, 812, 39.00, '2023-06-02', '2023-06-12'),
(813, 2, 813, 32.00, '2023-05-05', '2023-05-20'),
(814, 1, 814, 4.00, '2023-04-26', '2023-05-06'),
(815, 2, 815, 113.00, '2023-05-16', '2023-05-31'),
(816, 2, 816, 4.00, '2023-11-28', '2023-12-18'),
(817, 1, 817, 2.00, '2023-10-08', '2023-10-28'),
(818, 1, 818, 113.00, '2023-03-07', '2023-03-22'),
(819, 2, 819, 39.00, '2023-02-20', '2023-03-12'),
(820, 2, 820, 113.00, '2023-07-06', '2023-07-26'),
(821, 3, 821, 36.00, '2023-06-22', '2023-07-02'),
(822, 2, 822, 39.00, '2023-03-05', '2023-03-25'),
(823, 2, 823, 36.00, '2023-09-15', '2023-09-25'),
(824, 2, 824, 2.00, '2023-11-18', '2023-12-03'),
(825, 2, 825, 2.00, '2023-07-19', '2023-07-29'),
(826, 3, 826, 2.00, '2023-06-11', '2023-06-26'),
(827, 1, 827, 32.00, '2023-12-21', '2024-01-05'),
(828, 2, 828, 39.00, '2023-06-21', '2023-07-11'),
(829, 2, 829, 2.00, '2023-11-04', '2023-11-14'),
(830, 1, 830, 4.00, '2023-03-03', '2023-03-13'),
(831, 2, 831, 36.00, '2023-01-28', '2023-02-12'),
(832, 1, 832, 32.00, '2023-01-05', '2023-01-15'),
(833, 3, 833, 4.00, '2023-02-19', '2023-03-01'),
(834, 2, 834, 36.00, '2023-04-21', '2023-05-11'),
(835, 3, 835, 2.00, '2023-04-02', '2023-04-22'),
(836, 1, 836, 39.00, '2023-02-11', '2023-02-21'),
(837, 2, 837, 4.00, '2023-04-19', '2023-05-04'),
(838, 1, 838, 2.00, '2023-10-09', '2023-10-29'),
(839, 1, 839, 113.00, '2023-10-08', '2023-10-23'),
(840, 2, 840, 36.00, '2023-02-07', '2023-02-22'),
(841, 2, 841, 2.00, '2023-06-22', '2023-07-02'),
(842, 1, 842, 32.00, '2023-02-12', '2023-02-27'),
(843, 2, 843, 2.00, '2023-04-14', '2023-04-24'),
(844, 1, 844, 4.00, '2023-01-13', '2023-02-02'),
(845, 2, 845, 2.00, '2023-02-20', '2023-03-07'),
(846, 2, 846, 113.00, '2023-06-09', '2023-06-29'),
(847, 1, 847, 30.00, '2023-03-05', '2023-03-15'),
(848, 3, 848, 4.00, '2023-02-07', '2023-02-17'),
(849, 1, 849, 39.00, '2023-08-24', '2023-09-03'),
(850, 2, 850, 113.00, '2023-12-26', '2024-01-05'),
(851, 2, 851, 32.00, '2023-09-11', '2023-10-01'),
(852, 1, 852, 32.00, '2023-12-10', '2023-12-25'),
(853, 1, 853, 113.00, '2023-08-10', '2023-08-20'),
(854, 2, 854, 36.00, '2023-10-04', '2023-10-14'),
(855, 1, 855, 2.00, '2023-03-16', '2023-03-26'),
(856, 3, 856, 2.00, '2023-02-28', '2023-03-15'),
(857, 2, 857, 32.00, '2023-01-02', '2023-01-17'),
(858, 2, 858, 36.00, '2023-05-10', '2023-05-20'),
(859, 1, 859, 36.00, '2023-04-10', '2023-04-25'),
(860, 2, 860, 4.00, '2023-04-11', '2023-05-01'),
(861, 3, 861, 2.00, '2023-12-11', '2023-12-26'),
(862, 1, 862, 2.00, '2023-12-09', '2023-12-19'),
(863, 3, 863, 32.00, '2023-01-28', '2023-02-17'),
(864, 3, 864, 4.00, '2023-05-20', '2023-06-09'),
(865, 3, 865, 39.00, '2023-05-17', '2023-06-06'),
(866, 3, 866, 39.00, '2023-02-06', '2023-02-26'),
(867, 2, 867, 39.00, '2023-06-07', '2023-06-17'),
(868, 2, 868, 39.00, '2023-06-12', '2023-06-27'),
(869, 3, 869, 39.00, '2023-04-24', '2023-05-09'),
(870, 1, 870, 4.00, '2023-08-02', '2023-08-22'),
(871, 1, 871, 4.00, '2023-12-19', '2024-01-08'),
(872, 2, 872, 2.00, '2023-12-24', '2024-01-13'),
(873, 2, 873, 36.00, '2023-06-16', '2023-06-26'),
(874, 2, 874, 32.00, '2023-03-19', '2023-04-08'),
(875, 2, 875, 2.00, '2023-04-14', '2023-04-29'),
(876, 2, 876, 39.00, '2023-07-17', '2023-08-06'),
(877, 3, 877, 39.00, '2023-08-21', '2023-08-31'),
(878, 1, 878, 32.00, '2023-07-03', '2023-07-18'),
(879, 2, 879, 2.00, '2023-05-02', '2023-05-12'),
(880, 1, 880, 2.00, '2023-05-28', '2023-06-07'),
(881, 3, 881, 39.00, '2023-06-07', '2023-06-27'),
(882, 1, 882, 39.00, '2023-11-29', '2023-12-19'),
(883, 3, 883, 32.00, '2023-07-03', '2023-07-13'),
(884, 1, 884, 39.00, '2023-07-29', '2023-08-13'),
(885, 1, 885, 32.00, '2023-04-07', '2023-04-17'),
(886, 3, 886, 30.00, '2023-10-03', '2023-10-13'),
(887, 2, 887, 39.00, '2023-03-23', '2023-04-02'),
(888, 3, 888, 39.00, '2023-03-09', '2023-03-29'),
(889, 3, 889, 32.00, '2023-10-07', '2023-10-27'),
(890, 2, 890, 4.00, '2023-10-05', '2023-10-20'),
(891, 3, 891, 2.00, '2023-01-17', '2023-01-27'),
(892, 2, 892, 36.00, '2023-01-03', '2023-01-13'),
(893, 1, 893, 39.00, '2023-12-23', '2024-01-07'),
(894, 2, 894, 4.00, '2023-01-03', '2023-01-18'),
(895, 1, 895, 39.00, '2023-11-16', '2023-11-26'),
(896, 1, 896, 4.00, '2023-09-23', '2023-10-08'),
(897, 3, 897, 32.00, '2023-07-06', '2023-07-26'),
(898, 2, 898, 113.00, '2023-10-26', '2023-11-15'),
(899, 3, 899, 2.00, '2023-06-25', '2023-07-10'),
(900, 3, 900, 113.00, '2023-01-06', '2023-01-16'),
(901, 3, 901, 4.00, '2023-12-18', '2023-12-28'),
(902, 3, 902, 2.00, '2023-01-04', '2023-01-14'),
(903, 1, 903, 30.00, '2023-05-22', '2023-06-01'),
(904, 1, 904, 39.00, '2023-02-02', '2023-02-12'),
(905, 3, 905, 36.00, '2023-04-06', '2023-04-21'),
(906, 3, 906, 30.00, '2023-07-12', '2023-07-27'),
(907, 2, 907, 32.00, '2023-01-16', '2023-01-26'),
(908, 3, 908, 2.00, '2023-10-20', '2023-10-30'),
(909, 2, 909, 4.00, '2023-07-22', '2023-08-06'),
(910, 3, 910, 36.00, '2023-04-23', '2023-05-13'),
(911, 3, 911, 36.00, '2023-09-05', '2023-09-25'),
(912, 3, 912, 39.00, '2023-11-25', '2023-12-05'),
(913, 3, 913, 36.00, '2023-02-17', '2023-03-04'),
(914, 2, 914, 39.00, '2023-05-06', '2023-05-26'),
(915, 2, 915, 36.00, '2023-01-05', '2023-01-15'),
(916, 3, 916, 36.00, '2023-06-02', '2023-06-22'),
(917, 2, 917, 2.00, '2023-08-11', '2023-08-31'),
(918, 2, 918, 2.00, '2023-02-12', '2023-02-22'),
(919, 3, 919, 36.00, '2023-04-24', '2023-05-14'),
(920, 2, 920, 39.00, '2023-11-15', '2023-12-05'),
(921, 2, 921, 32.00, '2023-10-02', '2023-10-12'),
(922, 2, 922, 113.00, '2023-08-07', '2023-08-22'),
(923, 2, 923, 30.00, '2023-03-11', '2023-03-31'),
(924, 1, 924, 32.00, '2023-09-26', '2023-10-11'),
(925, 2, 925, 2.00, '2023-02-23', '2023-03-10'),
(926, 1, 926, 30.00, '2023-06-16', '2023-06-26'),
(927, 3, 927, 4.00, '2023-04-11', '2023-04-21'),
(928, 3, 928, 113.00, '2023-09-13', '2023-09-23'),
(929, 2, 929, 39.00, '2023-11-21', '2023-12-01'),
(930, 2, 930, 2.00, '2023-02-24', '2023-03-16'),
(931, 1, 931, 2.00, '2023-02-12', '2023-03-04'),
(932, 2, 932, 32.00, '2023-11-23', '2023-12-08'),
(933, 3, 933, 32.00, '2023-12-11', '2023-12-21'),
(934, 2, 934, 39.00, '2023-03-22', '2023-04-01'),
(935, 3, 935, 39.00, '2023-07-15', '2023-08-04'),
(936, 3, 936, 2.00, '2023-04-21', '2023-05-01'),
(937, 2, 937, 30.00, '2023-01-23', '2023-02-02'),
(938, 3, 938, 36.00, '2023-12-02', '2023-12-17'),
(939, 3, 939, 2.00, '2023-02-13', '2023-02-28'),
(940, 3, 940, 39.00, '2023-02-04', '2023-02-19'),
(941, 1, 941, 36.00, '2023-02-26', '2023-03-13'),
(942, 3, 942, 4.00, '2023-06-18', '2023-06-28'),
(943, 2, 943, 2.00, '2023-02-02', '2023-02-12'),
(944, 3, 944, 2.00, '2023-02-11', '2023-03-03'),
(945, 2, 945, 113.00, '2023-05-20', '2023-05-30'),
(946, 2, 946, 4.00, '2023-05-19', '2023-06-03'),
(947, 3, 947, 30.00, '2023-08-18', '2023-09-07'),
(948, 1, 948, 113.00, '2023-06-27', '2023-07-17'),
(949, 1, 949, 32.00, '2023-02-17', '2023-02-27'),
(950, 1, 950, 2.00, '2023-01-03', '2023-01-18'),
(951, 3, 951, 39.00, '2023-09-21', '2023-10-11'),
(952, 2, 952, 32.00, '2023-06-23', '2023-07-13'),
(953, 2, 953, 36.00, '2023-08-22', '2023-09-06'),
(954, 2, 954, 32.00, '2023-05-10', '2023-05-25'),
(955, 3, 955, 4.00, '2023-04-03', '2023-04-23'),
(956, 1, 956, 36.00, '2023-10-18', '2023-11-02'),
(957, 3, 957, 36.00, '2023-06-03', '2023-06-18'),
(958, 1, 958, 36.00, '2023-11-11', '2023-11-26'),
(959, 1, 959, 4.00, '2023-01-25', '2023-02-14'),
(960, 1, 960, 113.00, '2023-06-14', '2023-06-29'),
(961, 1, 961, 2.00, '2023-10-19', '2023-10-29'),
(962, 3, 962, 39.00, '2023-01-05', '2023-01-25'),
(963, 3, 963, 4.00, '2023-02-10', '2023-02-25'),
(964, 3, 964, 36.00, '2023-04-24', '2023-05-04'),
(965, 2, 965, 32.00, '2023-09-24', '2023-10-14'),
(966, 3, 966, 39.00, '2023-11-09', '2023-11-29'),
(967, 3, 967, 30.00, '2023-03-28', '2023-04-17'),
(968, 3, 968, 30.00, '2023-02-20', '2023-03-07'),
(969, 2, 969, 30.00, '2023-07-25', '2023-08-04'),
(970, 2, 970, 30.00, '2023-09-29', '2023-10-14'),
(971, 2, 971, 39.00, '2023-02-18', '2023-02-28'),
(972, 3, 972, 2.00, '2023-09-20', '2023-10-05'),
(973, 3, 973, 4.00, '2023-04-06', '2023-04-16'),
(974, 1, 974, 39.00, '2023-06-04', '2023-06-24'),
(975, 1, 975, 2.00, '2023-02-26', '2023-03-08'),
(976, 2, 976, 113.00, '2023-05-17', '2023-05-27'),
(977, 1, 977, 2.00, '2023-04-03', '2023-04-23'),
(978, 1, 978, 39.00, '2023-12-05', '2023-12-20'),
(979, 1, 979, 39.00, '2023-08-03', '2023-08-18'),
(980, 3, 980, 39.00, '2023-11-23', '2023-12-03'),
(981, 3, 981, 39.00, '2023-08-19', '2023-08-29'),
(982, 2, 982, 30.00, '2023-10-22', '2023-11-06'),
(983, 1, 983, 2.00, '2023-12-19', '2024-01-03'),
(984, 3, 984, 39.00, '2023-06-23', '2023-07-13'),
(985, 2, 985, 30.00, '2023-01-14', '2023-01-29'),
(986, 3, 986, 32.00, '2023-11-25', '2023-12-10'),
(987, 2, 987, 2.00, '2023-02-11', '2023-02-21'),
(988, 2, 988, 30.00, '2023-12-03', '2023-12-18'),
(989, 2, 989, 2.00, '2023-09-15', '2023-09-25'),
(990, 2, 990, 39.00, '2023-12-10', '2023-12-25'),
(991, 1, 991, 4.00, '2023-01-19', '2023-02-03'),
(992, 1, 992, 32.00, '2023-04-23', '2023-05-08'),
(993, 2, 993, 36.00, '2023-10-19', '2023-11-08'),
(994, 3, 994, 30.00, '2023-08-12', '2023-08-22'),
(995, 3, 995, 4.00, '2023-08-11', '2023-08-21'),
(996, 1, 996, 36.00, '2023-07-12', '2023-07-27'),
(997, 3, 997, 39.00, '2023-11-13', '2023-11-23'),
(998, 2, 998, 39.00, '2023-04-07', '2023-04-17'),
(999, 3, 999, 32.00, '2023-12-12', '2023-12-22'),
(1000, 2, 1000, 2.00, '2023-03-12', '2023-03-22');


--Tabla ‘supervisor’
INSERT INTO supervisor(id_supervisor, id_empleado, nombre_supervisor, ap_pat_supervisor, ap_mat_supervisor, salario_supervisor)
VALUES
(1, 1, 'Laura', 'Pérez', 'García', '8000.00'),
(2, 2, 'Laurel','Pérez', 'García', '8000.00'),
(3, 3, 'Laura', 'Sánchez', 'Sánchez', '9000'),
(4, 4, 'Nero','Allen','Roach','7648.56'),
(5, 5, 'May','Rios','Parrish','7640.58'),
(6, 6, 'Ronan','Bright','Vincent','7860.67'),
(7, 7, 'Illiana','Serrano','Barton','6901.35'),
(8, 8, 'Thomas','Bishop','Camacho','6307.14'),
(9, 9, 'Jacob','Becker','Erickson','6165.84'),
(10, 10, 'Yuli','Booker','Lara','5780.55');

--Tabla ‘almacenista’
INSERT INTO almacenista(id_almacenista, id_empleado, salario_almacenista, nombre_almacenista, ap_pat_almacenista, ap_mat_almacenista)
VALUES
(1, 21, '7000.00','Miguel','Víquez','Reyes'),
(2, 22, '7000.00', 'Manuel', 'Víquez', 'Reyes'),
(3, 23, '8000.00', 'Miguel','Reinas','Víquez'),
(4, 24, '813.51','Hedy','Sanford','Salazar'),
(5, 25, '750.57','Reed','Mcmillan','Graves'),
(6, 26, '855.12','Finn','Wolfe','Nieves'),
(7, 27, '703.35','Hall','Tran','House'),
(8, 28, '819.79','Mercedes','Juarez','Cochran'),
(9, 29, '552.10','Orlando','Shelton','Zamora'),
(10, 30, '627.50','Zachary','Shaffer','Harvey');



--Tabla ‘motricidad_fina’
INSERT INTO motricidad_fina(id_juguete,nombre_fina,marca_fina,rango_edad_fina)
VALUES
(1, 'Laberinto de Bolas', 'Playgro', '7+'),
(2, 'Pizarra Magnética', 'Bright Starts', '3+'),
(3, 'Ábaco de Madera', 'PlanToys', '4+'),
(4, 'Pelotas Sensoriales', 'VTech', '4+'),
(5, 'Pizarra Magnética', 'Hape', '6+'),
(6, 'Encaje de Formas', 'Djeco', '6+'),
(7, 'Instrumentos Musicales', 'Fisher-Price', '3+'),
(8, 'Juguete de Arrastre', 'SmartMax', '3+'),
(9, 'Bloques de Construcción', 'Chicco', '5+'),
(10, 'Carrito de Compras', 'SmartMax', '3+'),
(11, 'Torre de Equilibrio', 'Edushape', '4+'),
(12, 'Taller de Madera', 'Bright Starts', '7+'),
(13, 'Rompecabezas', 'Manhattan Toy', '5+'),
(14, 'Torre de Equilibrio', 'Tiny Love', '7+'),
(15, 'Torre de Anillos', 'SmartMax', '6+'),
(16, 'Letras Magnéticas', 'Edushape', '3+'),
(17, 'Instrumentos Musicales', 'TOMY', '4+'),
(18, 'Juego de Enhebrar', 'Hape', '4+'),
(19, 'Animales de Granja', 'Melissa & Doug', '3+'),
(20, 'Juguete de Arrastre', 'Chicco', '4+'),
(21, 'Laberinto de Bolas', 'Edushape', '6+'),
(22, 'Encaje de Formas', 'Bright Starts', '5+'),
(23, 'Letras Magnéticas', 'Tiny Love', '7+'),
(24, 'Torre de Anillos', 'Tiny Love', '4+'),
(25, 'Bloques de Construcción', 'B. Toys', '5+'),
(26, 'Mesa de Actividades', 'Playgro', '4+'),
(27, 'Caja de Herramientas', 'Chicco', '3+'),
(28, 'Carrito de Compras', 'Little Tikes', '3+'),
(29, 'Encaje de Formas', 'Fat Brain Toys', '7+'),
(30, 'Juego de Enhebrar', 'Fisher-Price', '3+'),
(31, 'Laberinto de Bolas', 'TOMY', '4+'),
(32, 'Instrumentos Musicales', 'Bright Starts', '7+'),
(33, 'Pelotas Sensoriales', 'Playgro', '6+'),
(34, 'Rompecabezas', 'PlanToys', '4+'),
(35, 'Bloques de Construcción', 'Fat Brain Toys', '6+'),
(36, 'Carrito de Compras', 'Fisher-Price', '6+'),
(37, 'Encaje de Formas', 'Manhattan Toy', '7+'),
(38, 'Rompecabezas', 'Manhattan Toy', '6+'),
(39, 'Pelotas Sensoriales', 'Little Tikes', '3+'),
(40, 'Torre de Anillos', 'TOMY', '3+'),
(41, 'Bloques de Construcción', 'Fat Brain Toys', '6+'),
(42, 'Animales de Granja', 'Edushape', '3+'),
(43, 'Laberinto de Bolas', 'Djeco', '7+'),
(44, 'Ábaco de Madera', 'Fisher-Price', '6+'),
(45, 'Ábaco de Madera', 'Melissa & Doug', '3+'),
(46, 'Juego de Enhebrar', 'Hape', '6+'),
(47, 'Pelotas Sensoriales', 'TOMY', '4+'),
(48, 'Pizarra Magnética', 'Little Tikes', '6+'),
(49, 'Animales de Granja', 'Chicco', '7+'),
(50, 'Letras Magnéticas', 'Little Tikes', '4+'),
(51, 'Caja de Herramientas', 'VTech', '4+'),
(52, 'Taller de Madera', 'Little Tikes', '7+'),
(53, 'Encaje de Formas', 'Hape', '6+'),
(54, 'Rompecabezas', 'Little Tikes', '3+'),
(55, 'Caja de Herramientas', 'Fat Brain Toys', '7+'),
(56, 'Bloques de Construcción', 'Little Tikes', '7+'),
(57, 'Bloques de Construcción', 'Janod', '7+'),
(58, 'Carrito de Compras', 'Manhattan Toy', '4+'),
(59, 'Torre de Anillos', 'SmartMax', '4+'),
(60, 'Juguete de Arrastre', 'Chicco', '5+'),
(61, 'Torre de Anillos', 'SmartMax', '7+'),
(62, 'Ábaco de Madera', 'Djeco', '4+'),
(63, 'Juguete de Arrastre', 'Hape', '3+'),
(64, 'Torre de Anillos', 'KidKraft', '7+'),
(65, 'Encaje de Formas', 'PlanToys', '3+'),
(66, 'Cubos Apilables', 'Tiny Love', '6+'),
(67, 'Laberinto de Bolas', 'Fisher-Price', '3+'),
(68, 'Set de Cocina', 'Melissa & Doug', '7+'),
(69, 'Carrito de Compras', 'Hape', '6+'),
(70, 'Encaje de Formas', 'Edushape', '7+'),
(71, 'Pelotas Sensoriales', 'Edushape', '6+'),
(72, 'Instrumentos Musicales', 'PlanToys', '4+'),
(73, 'Torre de Anillos', 'Melissa & Doug', '6+'),
(74, 'Laberinto de Bolas', 'B. Toys', '4+'),
(75, 'Encaje de Formas', 'SmartMax', '3+'),
(76, 'Letras Magnéticas', 'Edushape', '6+'),
(77, 'Rompecabezas', 'Djeco', '5+'),
(78, 'Caja de Herramientas', 'Janod', '7+'),
(79, 'Cubos Apilables', 'Melissa & Doug', '7+'),
(80, 'Set de Cocina', 'Melissa & Doug', '7+'),
(81, 'Rompecabezas', 'Little Tikes', '5+'),
(82, 'Caja de Herramientas', 'SmartMax', '7+'),
(83, 'Bloques de Construcción', 'TOMY', '3+'),
(84, 'Set de Cocina', 'Manhattan Toy', '4+'),
(85, 'Animales de Granja', 'Chicco', '4+'),
(86, 'Torre de Equilibrio', 'Manhattan Toy', '3+'),
(87, 'Pelotas Sensoriales', 'KidKraft', '6+'),
(88, 'Juego de Enhebrar', 'VTech', '6+'),
(89, 'Torre de Anillos', 'Janod', '5+'),
(90, 'Torre de Equilibrio', 'Janod', '3+'),
(91, 'Pizarra Magnética', 'Playgro', '5+'),
(92, 'Bloques de Construcción', 'VTech', '4+'),
(93, 'Taller de Madera', 'Djeco', '7+'),
(94, 'Ábaco de Madera', 'Tiny Love', '7+'),
(95, 'Animales de Granja', 'VTech', '7+'),
(96, 'Encaje de Formas', 'B. Toys', '4+'),
(97, 'Letras Magnéticas', 'Melissa & Doug', '4+'),
(98, 'Pelotas Sensoriales', 'KidKraft', '4+'),
(99, 'Instrumentos Musicales', 'Edushape', '3+'),
(100, 'Cubos Apilables', 'KidKraft', '5+'),
(101, 'Caja de Herramientas', 'Melissa & Doug', '7+'),
(102, 'Instrumentos Musicales', 'PlanToys', '5+'),
(103, 'Rompecabezas', 'Bright Starts', '6+'),
(104, 'Mesa de Actividades', 'Fat Brain Toys', '6+'),
(105, 'Laberinto de Bolas', 'Tiny Love', '6+'),
(106, 'Torre de Equilibrio', 'B. Toys', '4+'),
(107, 'Instrumentos Musicales', 'Edushape', '3+'),
(108, 'Laberinto de Bolas', 'B. Toys', '6+'),
(109, 'Set de Cocina', 'KidKraft', '7+'),
(110, 'Pelotas Sensoriales', 'Fat Brain Toys', '3+'),
(111, 'Encaje de Formas', 'KidKraft', '6+'),
(112, 'Caja de Herramientas', 'Fat Brain Toys', '3+'),
(113, 'Pelotas Sensoriales', 'Janod', '7+'),
(114, 'Set de Cocina', 'Djeco', '3+'),
(115, 'Mesa de Actividades', 'Janod', '6+'),
(116, 'Cubos Apilables', 'Little Tikes', '6+'),
(117, 'Rompecabezas', 'Tiny Love', '5+'),
(118, 'Pelotas Sensoriales', 'Bright Starts', '6+'),
(119, 'Bloques de Construcción', 'Little Tikes', '4+'),
(120, 'Laberinto de Bolas', 'B. Toys', '6+'),
(121, 'Encaje de Formas', 'Janod', '4+'),
(122, 'Ábaco de Madera', 'PlanToys', '4+'),
(123, 'Ábaco de Madera', 'Fisher-Price', '7+'),
(124, 'Pelotas Sensoriales', 'Little Tikes', '3+'),
(125, 'Pizarra Magnética', 'Bright Starts', '5+'),
(126, 'Letras Magnéticas', 'Manhattan Toy', '3+'),
(127, 'Mesa de Actividades', 'Hape', '6+'),
(128, 'Pelotas Sensoriales', 'Hape', '5+'),
(129, 'Laberinto de Bolas', 'Bright Starts', '6+'),
(130, 'Taller de Madera', 'Manhattan Toy', '6+'),
(131, 'Instrumentos Musicales', 'Fisher-Price', '4+'),
(132, 'Bloques de Construcción', 'Melissa & Doug', '4+'),
(133, 'Letras Magnéticas', 'Little Tikes', '7+'),
(134, 'Encaje de Formas', 'Fisher-Price', '4+'),
(135, 'Taller de Madera', 'Little Tikes', '7+'),
(136, 'Instrumentos Musicales', 'Playgro', '6+'),
(137, 'Caja de Herramientas', 'Janod', '7+'),
(138, 'Juego de Enhebrar', 'Little Tikes', '7+'),
(139, 'Carrito de Compras', 'VTech', '5+'),
(140, 'Instrumentos Musicales', 'Little Tikes', '7+'),
(141, 'Pelotas Sensoriales', 'Melissa & Doug', '4+'),
(142, 'Torre de Anillos', 'Janod', '6+'),
(143, 'Animales de Granja', 'Janod', '6+'),
(144, 'Pelotas Sensoriales', 'Chicco', '6+'),
(145, 'Letras Magnéticas', 'Little Tikes', '3+'),
(146, 'Juguete de Arrastre', 'Playgro', '5+'),
(147, 'Laberinto de Bolas', 'Fat Brain Toys', '3+'),
(148, 'Mesa de Actividades', 'VTech', '7+'),
(149, 'Instrumentos Musicales', 'Djeco', '6+'),
(150, 'Carrito de Compras', 'Fisher-Price', '5+'),
(151, 'Cubos Apilables', 'Chicco', '3+'),
(152, 'Instrumentos Musicales', 'Melissa & Doug', '7+'),
(153, 'Carrito de Compras', 'PlanToys', '6+'),
(154, 'Torre de Anillos', 'Djeco', '4+'),
(155, 'Encaje de Formas', 'Edushape', '3+'),
(156, 'Set de Cocina', 'Fisher-Price', '7+'),
(157, 'Pizarra Magnética', 'Janod', '7+'),
(158, 'Ábaco de Madera', 'SmartMax', '4+'),
(159, 'Animales de Granja', 'B. Toys', '5+'),
(160, 'Animales de Granja', 'PlanToys', '7+'),
(161, 'Ábaco de Madera', 'Tiny Love', '7+'),
(162, 'Taller de Madera', 'Djeco', '6+'),
(163, 'Laberinto de Bolas', 'TOMY', '7+'),
(164, 'Taller de Madera', 'Chicco', '4+'),
(165, 'Caja de Herramientas', 'Fisher-Price', '7+'),
(166, 'Taller de Madera', 'VTech', '3+'),
(167, 'Caja de Herramientas', 'Melissa & Doug', '7+'),
(168, 'Letras Magnéticas', 'Hape', '5+'),
(169, 'Juguete de Arrastre', 'Edushape', '7+'),
(170, 'Caja de Herramientas', 'Playgro', '4+'),
(171, 'Taller de Madera', 'KidKraft', '3+'),
(172, 'Mesa de Actividades', 'Melissa & Doug', '4+'),
(173, 'Set de Cocina', 'Little Tikes', '6+'),
(174, 'Instrumentos Musicales', 'Chicco', '5+'),
(175, 'Mesa de Actividades', 'PlanToys', '3+'),
(176, 'Mesa de Actividades', 'VTech', '3+'),
(177, 'Mesa de Actividades', 'Little Tikes', '7+'),
(178, 'Mesa de Actividades', 'Little Tikes', '4+'),
(179, 'Ábaco de Madera', 'Manhattan Toy', '4+'),
(180, 'Taller de Madera', 'Fat Brain Toys', '6+'),
(181, 'Laberinto de Bolas', 'Chicco', '3+'),
(182, 'Pizarra Magnética', 'Bright Starts', '6+'),
(183, 'Mesa de Actividades', 'Playgro', '4+'),
(184, 'Torre de Equilibrio', 'PlanToys', '7+'),
(185, 'Set de Cocina', 'KidKraft', '3+'),
(186, 'Torre de Anillos', 'Little Tikes', '5+'),
(187, 'Torre de Anillos', 'SmartMax', '6+'),
(188, 'Torre de Equilibrio', 'Bright Starts', '6+'),
(189, 'Instrumentos Musicales', 'KidKraft', '4+'),
(190, 'Instrumentos Musicales', 'Playgro', '6+'),
(191, 'Carrito de Compras', 'B. Toys', '5+'),
(192, 'Ábaco de Madera', 'KidKraft', '7+'),
(193, 'Letras Magnéticas', 'B. Toys', '5+'),
(194, 'Letras Magnéticas', 'KidKraft', '7+'),
(195, 'Letras Magnéticas', 'Janod', '6+'),
(196, 'Pizarra Magnética', 'Fat Brain Toys', '5+'),
(197, 'Taller de Madera', 'KidKraft', '5+'),
(198, 'Torre de Anillos', 'Janod', '7+'),
(199, 'Mesa de Actividades', 'Chicco', '4+'),
(200, 'Set de Cocina', 'Fisher-Price', '7+');


--Tabla ‘inteligencia’
INSERT INTO inteligencia(id_juguete,nombre_int,marca_int,no_jugadores_int)
VALUES
(201, 'Juegos de Lógica', 'MindWare', 5),
(202, 'Juegos de Lógica', 'Learning Resources', 3),
(203, 'Rompecabezas 3D', 'Magna-Tiles', 2),
(204, 'Circuito de Canicas', 'Fat Brain Toys', 6),
(205, 'Juego de Ingenio', 'Learning Resources', 3),
(206, 'Juego de Matemáticas', 'MindWare', 5),
(207, 'Juego de Sudokus', 'Melissa & Doug', 3),
(208, 'Laberinto Inteligente', 'MindWare', 2),
(209, 'Laberinto Inteligente', 'SmartGames', 5),
(210, 'Puzzle de Encaixe', 'Educational Insights', 4),
(211, 'Circuito de Canicas', 'ThinkFun', 1),
(212, 'Juego de Estrategia', 'Magna-Tiles', 4),
(213, 'Kit de Física', 'MindWare', 1),
(214, 'Dominó de Colores', 'SmartGames', 6),
(215, 'Set de Química', 'Educational Insights', 4),
(216, 'Juego de Sudokus', 'MindWare', 3),
(217, 'Circuito de Canicas', 'MindWare', 3),
(218, 'Kit de Robótica', 'SmartGames', 3),
(219, 'Set de Ciencias', 'ThinkFun', 4),
(220, 'Puzzle de Encaixe', 'ThinkFun', 3),
(221, 'Set de Química', 'MindWare', 5),
(222, 'Kit de Robótica', 'ThinkFun', 3),
(223, 'Juego de Programación', 'Ravensburger', 2),
(224, 'Puzzle de Madera', 'Fat Brain Toys', 6),
(225, 'Juego de Matemáticas', 'ThinkFun', 1),
(226, 'Juego de Estrategia', 'Magna-Tiles', 4),
(227, 'Juego de Palabras', 'MindWare', 4),
(228, 'Juego de Sudokus', 'SmartGames', 2),
(229, 'Juegos de Enigmas', 'MindWare', 4),
(230, 'Tangram', 'Melissa & Doug', 5),
(231, 'Juegos de Enigmas', 'ThinkFun', 4),
(232, 'Tangram', 'SmartGames', 1),
(233, 'Set de Ciencias', 'Learning Resources', 3),
(234, 'Juego de Memoria', 'Educational Insights', 2),
(235, 'Dominó de Colores', 'Hape', 3),
(236, 'Set de Química', 'Educational Insights', 6),
(237, 'Juego de Sudokus', 'SmartGames', 3),
(238, 'Juego de Matemáticas', 'Educational Insights', 1),
(239, 'Puzzle de Encaixe', 'Educational Insights', 5),
(240, 'Juego de Ajedrez', 'SmartGames', 6),
(241, 'Set de Ciencias', 'MindWare', 2),
(242, 'Kit de Física', 'MindWare', 4),
(243, 'Tangram', 'Educational Insights', 2),
(244, 'Puzzle de Encaixe', 'Magna-Tiles', 1),
(245, 'Juegos de Lógica', 'Educational Insights', 4),
(246, 'Juego de Palabras', 'Learning Resources', 3),
(247, 'Juego de Matemáticas', 'Learning Resources', 1),
(248, 'Juego de Estrategia', 'MindWare', 5),
(249, 'Juegos de Enigmas', 'MindWare', 5),
(250, 'Cubo de Rubik', 'Fat Brain Toys', 4),
(251, 'Puzzle de Madera', 'MindWare', 5),
(252, 'Tangram', 'SmartGames', 2),
(253, 'Bloques de Construcción Magnéticos', 'Educational Insights', 1),
(254, 'Juego de Estrategia', 'ThinkFun', 5),
(255, 'Set de Ciencias', 'Ravensburger', 5),
(256, 'Juegos de Lógica', 'Ravensburger', 6),
(257, 'Circuito de Canicas', 'Melissa & Doug', 3),
(258, 'Bloques de Construcción Magnéticos', 'ThinkFun', 2),
(259, 'Bloques de Construcción Magnéticos', 'Hape', 6),
(260, 'Kit de Robótica', 'SmartGames', 6),
(261, 'Bloques de Construcción Magnéticos', 'Ravensburger', 2),
(262, 'Juegos de Tablero Educativos', 'SmartGames', 2),
(263, 'Juego de Ingenio', 'SmartGames', 2),
(264, 'Bloques de Construcción Magnéticos', 'SmartGames', 5),
(265, 'Cubo de Rubik', 'Magna-Tiles', 6),
(266, 'Juego de Sudokus', 'Magna-Tiles', 4),
(267, 'Juego de Estrategia', 'Fat Brain Toys', 3),
(268, 'Circuito de Canicas', 'Magna-Tiles', 5),
(269, 'Cubo de Rubik', 'Educational Insights', 5),
(270, 'Juego de Memoria', 'SmartGames', 6),
(271, 'Juego de Estrategia', 'MindWare', 4),
(272, 'Rompecabezas 3D', 'Magna-Tiles', 1),
(273, 'Juegos de Tablero Educativos', 'MindWare', 1),
(274, 'Juego de Ingenio', 'Melissa & Doug', 4),
(275, 'Bloques de Construcción Magnéticos', 'Melissa & Doug', 4),
(276, 'Tangram', 'Fat Brain Toys', 5),
(277, 'Set de Ciencias', 'Melissa & Doug', 1),
(278, 'Juego de Memoria', 'SmartGames', 6),
(279, 'Juego de Programación', 'MindWare', 3),
(280, 'Rompecabezas 3D', 'Magna-Tiles', 6),
(281, 'Juego de Matemáticas', 'Magna-Tiles', 1),
(282, 'Cubo de Rubik', 'Fat Brain Toys', 2),
(283, 'Juego de Palabras', 'Fat Brain Toys', 3),
(284, 'Rompecabezas 3D', 'SmartGames', 2),
(285, 'Juego de Estrategia', 'ThinkFun', 4),
(286, 'Juego de Palabras', 'Melissa & Doug', 5),
(287, 'Tangram', 'SmartGames', 5),
(288, 'Laberinto Inteligente', 'Educational Insights', 3),
(289, 'Construcciones Geométricas', 'Educational Insights', 5),
(290, 'Juego de Ingenio', 'Learning Resources', 4),
(291, 'Puzzle de Encaixe', 'SmartGames', 6),
(292, 'Puzzle de Madera', 'Hape', 6),
(293, 'Puzzle de Encaixe', 'ThinkFun', 5),
(294, 'Kit de Robótica', 'ThinkFun', 4),
(295, 'Bloques de Construcción Magnéticos', 'MindWare', 5),
(296, 'Kit de Robótica', 'Melissa & Doug', 3),
(297, 'Juego de Memoria', 'Melissa & Doug', 6),
(298, 'Juego de Memoria', 'ThinkFun', 2),
(299, 'Juego de Sudokus', 'Educational Insights', 5),
(300, 'Circuito de Canicas', 'Ravensburger', 6),
(301, 'Juego de Programación', 'ThinkFun', 5),
(302, 'Set de Química', 'Fat Brain Toys', 5),
(303, 'Juego de Ingenio', 'Melissa & Doug', 6),
(304, 'Juego de Sudokus', 'MindWare', 3),
(305, 'Kit de Robótica', 'MindWare', 3),
(306, 'Set de Ciencias', 'Ravensburger', 1),
(307, 'Laberinto Inteligente', 'Fat Brain Toys', 1),
(308, 'Dominó de Colores', 'Learning Resources', 5),
(309, 'Juegos de Tablero Educativos', 'Fat Brain Toys', 2),
(310, 'Juego de Estrategia', 'MindWare', 1),
(311, 'Rompecabezas 3D', 'MindWare', 4),
(312, 'Juegos de Lógica', 'MindWare', 3),
(313, 'Rompecabezas 3D', 'Melissa & Doug', 1),
(314, 'Tangram', 'Ravensburger', 6),
(315, 'Puzzle de Madera', 'Learning Resources', 6),
(316, 'Juego de Estrategia', 'Learning Resources', 5),
(317, 'Puzzle de Madera', 'Educational Insights', 4),
(318, 'Juegos de Lógica', 'Hape', 1),
(319, 'Juego de Ingenio', 'Fat Brain Toys', 1),
(320, 'Laberinto Inteligente', 'Educational Insights', 2),
(321, 'Juego de Ajedrez', 'ThinkFun', 1),
(322, 'Juego de Estrategia', 'Magna-Tiles', 4),
(323, 'Puzzle de Madera', 'MindWare', 1),
(324, 'Bloques de Construcción Magnéticos', 'MindWare', 3),
(325, 'Puzzle de Encaixe', 'Melissa & Doug', 2),
(326, 'Laberinto Inteligente', 'ThinkFun', 6),
(327, 'Juego de Ajedrez', 'Melissa & Doug', 6),
(328, 'Juegos de Tablero Educativos', 'Educational Insights', 2),
(329, 'Tangram', 'Hape', 6),
(330, 'Juego de Sudokus', 'Melissa & Doug', 5),
(331, 'Juegos de Lógica', 'Ravensburger', 3),
(332, 'Juego de Ajedrez', 'MindWare', 3),
(333, 'Puzzle de Madera', 'SmartGames', 3),
(334, 'Juego de Estrategia', 'Melissa & Doug', 3),
(335, 'Set de Química', 'Hape', 5),
(336, 'Juegos de Enigmas', 'MindWare', 6),
(337, 'Juegos de Enigmas', 'Melissa & Doug', 6),
(338, 'Circuito de Canicas', 'Magna-Tiles', 2),
(339, 'Juego de Ajedrez', 'Learning Resources', 4),
(340, 'Kit de Física', 'Magna-Tiles', 2),
(341, 'Kit de Robótica', 'Hape', 2),
(342, 'Juego de Memoria', 'Fat Brain Toys', 6),
(343, 'Juego de Sudokus', 'Magna-Tiles', 6),
(344, 'Juegos de Tablero Educativos', 'SmartGames', 1),
(345, 'Puzzle de Encaixe', 'Educational Insights', 6),
(346, 'Tangram', 'ThinkFun', 3),
(347, 'Puzzle de Madera', 'Hape', 5),
(348, 'Juego de Memoria', 'Melissa & Doug', 2),
(349, 'Kit de Robótica', 'Hape', 2),
(350, 'Bloques de Construcción Magnéticos', 'ThinkFun', 4),
(351, 'Puzzle de Encaixe', 'ThinkFun', 1),
(352, 'Rompecabezas 3D', 'Ravensburger', 1),
(353, 'Juego de Ingenio', 'Educational Insights', 4),
(354, 'Bloques de Construcción Magnéticos', 'Melissa & Doug', 1),
(355, 'Kit de Robótica', 'Magna-Tiles', 4),
(356, 'Juego de Memoria', 'Fat Brain Toys', 3),
(357, 'Laberinto Inteligente', 'SmartGames', 2),
(358, 'Juego de Matemáticas', 'Educational Insights', 6),
(359, 'Kit de Física', 'Educational Insights', 2),
(360, 'Juego de Programación', 'Magna-Tiles', 5),
(361, 'Juego de Memoria', 'Ravensburger', 1),
(362, 'Juego de Programación', 'ThinkFun', 1),
(363, 'Juego de Sudokus', 'MindWare', 5),
(364, 'Puzzle de Madera', 'Learning Resources', 3),
(365, 'Set de Química', 'Educational Insights', 4),
(366, 'Tangram', 'SmartGames', 2),
(367, 'Juegos de Lógica', 'Ravensburger', 3),
(368, 'Juego de Matemáticas', 'MindWare', 6),
(369, 'Rompecabezas 3D', 'Magna-Tiles', 5),
(370, 'Juego de Ingenio', 'SmartGames', 4),
(371, 'Puzzle de Encaixe', 'ThinkFun', 1),
(372, 'Construcciones Geométricas', 'Educational Insights', 2),
(373, 'Juego de Programación', 'Ravensburger', 5),
(374, 'Construcciones Geométricas', 'SmartGames', 5),
(375, 'Cubo de Rubik', 'Fat Brain Toys', 1),
(376, 'Kit de Robótica', 'Melissa & Doug', 2),
(377, 'Juego de Ajedrez', 'SmartGames', 1),
(378, 'Juego de Memoria', 'Melissa & Doug', 6),
(379, 'Laberinto Inteligente', 'Melissa & Doug', 6),
(380, 'Juegos de Tablero Educativos', 'Hape', 1),
(381, 'Juegos de Lógica', 'MindWare', 3),
(382, 'Cubo de Rubik', 'Ravensburger', 2),
(383, 'Juegos de Enigmas', 'Ravensburger', 2),
(384, 'Juego de Sudokus', 'Ravensburger', 5),
(385, 'Set de Química', 'Melissa & Doug', 2),
(386, 'Puzzle de Madera', 'Magna-Tiles', 1),
(387, 'Construcciones Geométricas', 'MindWare', 3),
(388, 'Juego de Ingenio', 'Magna-Tiles', 6),
(389, 'Juego de Ingenio', 'Ravensburger', 2),
(390, 'Juego de Sudokus', 'Fat Brain Toys', 2),
(391, 'Set de Química', 'Fat Brain Toys', 3),
(392, 'Set de Química', 'Hape', 5),
(393, 'Juego de Matemáticas', 'ThinkFun', 4),
(394, 'Juego de Ingenio', 'Melissa & Doug', 4),
(395, 'Juego de Sudokus', 'Educational Insights', 3),
(396, 'Juegos de Lógica', 'Fat Brain Toys', 5),
(397, 'Set de Química', 'Learning Resources', 1),
(398, 'Juegos de Enigmas', 'Educational Insights', 5),
(399, 'Rompecabezas 3D', 'Fat Brain Toys', 2),
(400, 'Juego de Matemáticas', 'Educational Insights', 2);


--Tabla ‘sociabilidad’
INSERT INTO sociabilidad(id_juguete,nombre_social,marca_social)
VALUES
(401, 'Muñecas y Accesorios', 'Melissa & Doug'),
(402, 'Juego de Banquero', 'Melissa & Doug'),
(403, 'Juego de Banquero', 'Fisher-Price'),
(404, 'Juego de Pescadores', 'Playmobil'),
(405, 'Granja de Animales de Juguete', 'Le Toy Van'),
(406, 'Carrito de Compras de Juguete', 'Janod'),
(407, 'Juego de Cocina', 'Step2'),
(408, 'Juego de Veterinario', 'PlanToys'),
(409, 'Muñecas y Accesorios', 'Little Tikes'),
(410, 'Estación de Bomberos de Juguete', 'Little Tikes'),
(411, 'Set de Comida de Juguete', 'KidKraft'),
(412, 'Set de Picnic', 'Fisher-Price'),
(413, 'Garaje de Coches de Juguete', 'KidKraft'),
(414, 'Banco de Herramientas de Juguete', 'Playmobil'),
(415, 'Juego de Escuela', 'Melissa & Doug'),
(416, 'Juego de Construcción en Grupo', 'KidKraft'),
(417, 'Marionetas y Teatro de Títeres', 'Fisher-Price'),
(418, 'Juego de Peinados y Maquillaje', 'Le Toy Van'),
(419, 'Estación de Bomberos de Juguete', 'Fisher-Price'),
(420, 'Set de Jardinería de Juguete', 'Le Toy Van'),
(421, 'Set de Jardinería de Juguete', 'Le Toy Van'),
(422, 'Juego de Supermercado', 'Melissa & Doug'),
(423, 'Juego de Banquero', 'PlanToys'),
(424, 'Granja de Animales de Juguete', 'KidKraft'),
(425, 'Juego de Escuela', 'PlanToys'),
(426, 'Juego de Cocina', 'KidKraft'),
(427, 'Juego de Veterinario', 'Melissa & Doug'),
(428, 'Garaje de Coches de Juguete', 'Little Tikes'),
(429, 'Juego de Peinados y Maquillaje', 'Playmobil'),
(430, 'Casa de Muñecas', 'Step2'),
(431, 'Garaje de Coches de Juguete', 'Le Toy Van'),
(432, 'Juego de Lavandería', 'Little Tikes'),
(433, 'Cocina de Madera', 'Janod'),
(434, 'Casa de Muñecas', 'Hape'),
(435, 'Estación de Bomberos de Juguete', 'Little Tikes'),
(436, 'Juego de Escuela', 'Melissa & Doug'),
(437, 'Juego de Escuela', 'Step2'),
(438, 'Set de Picnic', 'Little Tikes'),
(439, 'Juego de Construcción en Grupo', 'Le Toy Van'),
(440, 'Juego de Supermercado', 'Fisher-Price'),
(441, 'Set de Picnic', 'KidKraft'),
(442, 'Set de Picnic', 'Fisher-Price'),
(443, 'Juego de Escuela', 'Janod'),
(444, 'Set de Exploradores', 'Melissa & Doug'),
(445, 'Garaje de Coches de Juguete', 'Fisher-Price'),
(446, 'Juego de Peinados y Maquillaje', 'PlanToys'),
(447, 'Juego de Peinados y Maquillaje', 'Le Toy Van'),
(448, 'Juego de Veterinario', 'Playmobil'),
(449, 'Juego de Banquero', 'KidKraft'),
(450, 'Muñecas y Accesorios', 'Melissa & Doug'),
(451, 'Cocina de Madera', 'Janod'),
(452, 'Juego de Veterinario', 'Fisher-Price'),
(453, 'Muñecas y Accesorios', 'Step2'),
(454, 'Juego de Tienda', 'Little Tikes'),
(455, 'Juego de Supermercado', 'Melissa & Doug'),
(456, 'Juego de Supermercado', 'KidKraft'),
(457, 'Cocina de Madera', 'Hape'),
(458, 'Set de Exploradores', 'KidKraft'),
(459, 'Juego de Lavandería', 'Melissa & Doug'),
(460, 'Set de Jardinería de Juguete', 'Fisher-Price'),
(461, 'Juego de Tienda', 'Step2'),
(462, 'Juego de Veterinario', 'Janod'),
(463, 'Set de Jardinería de Juguete', 'Le Toy Van'),
(464, 'Carrito de Compras de Juguete', 'Little Tikes'),
(465, 'Banco de Herramientas de Juguete', 'Hape'),
(466, 'Juego de Tienda', 'Playmobil'),
(467, 'Juego de Supermercado', 'Le Toy Van'),
(468, 'Set de Jardinería de Juguete', 'Janod'),
(469, 'Garaje de Coches de Juguete', 'Step2'),
(470, 'Set de Jardinería de Juguete', 'Janod'),
(471, 'Juego de Banquero', 'Hape'),
(472, 'Juego de Peinados y Maquillaje', 'Playmobil'),
(473, 'Marionetas y Teatro de Títeres', 'Le Toy Van'),
(474, 'Casa de Muñecas', 'Little Tikes'),
(475, 'Juego de Peinados y Maquillaje', 'Fisher-Price'),
(476, 'Casa de Muñecas', 'Step2'),
(477, 'Juego de Lavandería', 'Playmobil'),
(478, 'Juego de Banquero', 'Janod'),
(479, 'Estación de Bomberos de Juguete', 'Le Toy Van'),
(480, 'Set de Exploradores', 'Melissa & Doug'),
(481, 'Juego de Pescadores', 'Hape'),
(482, 'Granja de Animales de Juguete', 'KidKraft'),
(483, 'Juego de Supermercado', 'Hape'),
(484, 'Set de Comida de Juguete', 'Hape'),
(485, 'Juego de Té de Juguete', 'Hape'),
(486, 'Casa de Muñecas', 'KidKraft'),
(487, 'Set de Exploradores', 'Fisher-Price'),
(488, 'Garaje de Coches de Juguete', 'Melissa & Doug'),
(489, 'Estación de Bomberos de Juguete', 'Hape'),
(490, 'Casa de Muñecas', 'Fisher-Price'),
(491, 'Marionetas y Teatro de Títeres', 'Playmobil'),
(492, 'Casa de Muñecas', 'Melissa & Doug'),
(493, 'Juego de Lavandería', 'Janod'),
(494, 'Juego de Lavandería', 'PlanToys'),
(495, 'Juego de Banquero', 'Playmobil'),
(496, 'Casa de Muñecas', 'Melissa & Doug'),
(497, 'Set de Comida de Juguete', 'Little Tikes'),
(498, 'Juego de Veterinario', 'Playmobil'),
(499, 'Juego de Supermercado', 'Little Tikes'),
(500, 'Garaje de Coches de Juguete', 'Playmobil'),
(501, 'Granja de Animales de Juguete', 'Step2'),
(502, 'Set de Exploradores', 'Janod'),
(503, 'Estación de Bomberos de Juguete', 'Hape'),
(504, 'Juego de Veterinario', 'Playmobil'),
(505, 'Juego de Peinados y Maquillaje', 'Hape'),
(506, 'Set de Exploradores', 'Fisher-Price'),
(507, 'Juego de Veterinario', 'KidKraft'),
(508, 'Juego de Médicos', 'Little Tikes'),
(509, 'Estación de Bomberos de Juguete', 'Little Tikes'),
(510, 'Granja de Animales de Juguete', 'Little Tikes'),
(511, 'Juego de Pescadores', 'Melissa & Doug'),
(512, 'Juego de Construcción en Grupo', 'Hape'),
(513, 'Juego de Construcción en Grupo', 'PlanToys'),
(514, 'Juego de Médicos', 'KidKraft'),
(515, 'Juego de Banquero', 'Fisher-Price'),
(516, 'Juego de Supermercado', 'PlanToys'),
(517, 'Carrito de Compras de Juguete', 'PlanToys'),
(518, 'Juego de Banquero', 'Le Toy Van'),
(519, 'Juego de Té de Juguete', 'Fisher-Price'),
(520, 'Marionetas y Teatro de Títeres', 'Janod'),
(521, 'Juego de Tienda', 'Fisher-Price'),
(522, 'Marionetas y Teatro de Títeres', 'Fisher-Price'),
(523, 'Juego de Supermercado', 'KidKraft'),
(524, 'Juego de Pescadores', 'Fisher-Price'),
(525, 'Cocina de Madera', 'Janod'),
(526, 'Juego de Construcción en Grupo', 'Hape'),
(527, 'Set de Exploradores', 'Hape'),
(528, 'Juego de Médicos', 'Step2'),
(529, 'Juego de Construcción en Grupo', 'Le Toy Van'),
(530, 'Juego de Veterinario', 'Playmobil'),
(531, 'Marionetas y Teatro de Títeres', 'PlanToys'),
(532, 'Muñecas y Accesorios', 'Le Toy Van'),
(533, 'Estación de Bomberos de Juguete', 'Janod'),
(534, 'Garaje de Coches de Juguete', 'Fisher-Price'),
(535, 'Juego de Escuela', 'Little Tikes'),
(536, 'Marionetas y Teatro de Títeres', 'Playmobil'),
(537, 'Juego de Lavandería', 'Hape'),
(538, 'Set de Exploradores', 'Step2'),
(539, 'Marionetas y Teatro de Títeres', 'Step2'),
(540, 'Muñecas y Accesorios', 'Le Toy Van'),
(541, 'Juego de Lavandería', 'PlanToys'),
(542, 'Banco de Herramientas de Juguete', 'Step2'),
(543, 'Marionetas y Teatro de Títeres', 'Melissa & Doug'),
(544, 'Juego de Peinados y Maquillaje', 'Little Tikes'),
(545, 'Set de Picnic', 'Janod'),
(546, 'Casa de Muñecas', 'Fisher-Price'),
(547, 'Juego de Pescadores', 'Melissa & Doug'),
(548, 'Garaje de Coches de Juguete', 'Janod'),
(549, 'Juego de Veterinario', 'Step2'),
(550, 'Set de Exploradores', 'Janod'),
(551, 'Set de Exploradores', 'Little Tikes'),
(552, 'Juego de Té de Juguete', 'Little Tikes'),
(553, 'Cocina de Madera', 'Step2'),
(554, 'Juego de Peinados y Maquillaje', 'Melissa & Doug'),
(555, 'Juego de Construcción en Grupo', 'Hape'),
(556, 'Carrito de Compras de Juguete', 'PlanToys'),
(557, 'Carrito de Compras de Juguete', 'Janod'),
(558, 'Cocina de Madera', 'Janod'),
(559, 'Marionetas y Teatro de Títeres', 'Melissa & Doug'),
(560, 'Juego de Té de Juguete', 'PlanToys'),
(561, 'Set de Jardinería de Juguete', 'Little Tikes'),
(562, 'Garaje de Coches de Juguete', 'Melissa & Doug'),
(563, 'Juego de Lavandería', 'Melissa & Doug'),
(564, 'Marionetas y Teatro de Títeres', 'Janod'),
(565, 'Garaje de Coches de Juguete', 'Fisher-Price'),
(566, 'Cocina de Madera', 'Playmobil'),
(567, 'Juego de Veterinario', 'Little Tikes'),
(568, 'Set de Picnic', 'Step2'),
(569, 'Muñecas y Accesorios', 'PlanToys'),
(570, 'Cocina de Madera', 'KidKraft'),
(571, 'Set de Picnic', 'Step2'),
(572, 'Marionetas y Teatro de Títeres', 'PlanToys'),
(573, 'Juego de Peinados y Maquillaje', 'Playmobil'),
(574, 'Juego de Escuela', 'KidKraft'),
(575, 'Juego de Banquero', 'Fisher-Price'),
(576, 'Set de Exploradores', 'Janod'),
(577, 'Carrito de Compras de Juguete', 'Step2'),
(578, 'Juego de Peinados y Maquillaje', 'Little Tikes'),
(579, 'Granja de Animales de Juguete', 'Little Tikes'),
(580, 'Juego de Supermercado', 'Little Tikes'),
(581, 'Juego de Té de Juguete', 'Playmobil'),
(582, 'Garaje de Coches de Juguete', 'Playmobil'),
(583, 'Marionetas y Teatro de Títeres', 'Fisher-Price'),
(584, 'Juego de Peinados y Maquillaje', 'Le Toy Van'),
(585, 'Juego de Banquero', 'Melissa & Doug'),
(586, 'Garaje de Coches de Juguete', 'Step2'),
(587, 'Juego de Escuela', 'Melissa & Doug'),
(588, 'Cocina de Madera', 'Step2'),
(589, 'Casa de Muñecas', 'Playmobil'),
(590, 'Estación de Bomberos de Juguete', 'Playmobil'),
(591, 'Estación de Bomberos de Juguete', 'KidKraft'),
(592, 'Marionetas y Teatro de Títeres', 'Janod'),
(593, 'Juego de Construcción en Grupo', 'Janod'),
(594, 'Garaje de Coches de Juguete', 'Playmobil'),
(595, 'Estación de Bomberos de Juguete', 'Fisher-Price'),
(596, 'Juego de Pescadores', 'Little Tikes'),
(597, 'Juego de Pescadores', 'PlanToys'),
(598, 'Set de Comida de Juguete', 'Le Toy Van'),
(599, 'Juego de Construcción en Grupo', 'Step2'),
(600, 'Juego de Supermercado', 'PlanToys');

--Tabla ‘motricidad_global’
INSERT INTO motricidad_global(id_juguete,nombre_global,marca_global,rango_edad_global)
VALUES
(601, 'Palo de golf', 'VTech', '3+'),
(602, 'Canicas', 'Hape', '3+'),
(603, 'Raqueta de tennis', 'SmartMax', '5+'),
(604, 'Patines de una hilera', 'Djeco', '6+'),
(605, 'Triciclo', 'Melissa & Doug', '7+'),
(606, 'Cuerda', 'KidKraft', '8+'),
(607, 'Pelota de golf', 'Edushape', '6+'),
(608, 'Pelota de baseball', 'VTech', '5+'),
(609, 'Bicicleta', 'Melissa & Doug', '6+'),
(610, 'Balón de futbol americano', 'Djeco', '8+'),
(611, 'Pelota de tennis', 'Chicco', '7+'),
(612, 'Triciclo', 'Djeco', '6+'),
(613, 'Cuerda', 'KidKraft', '8+'),
(614, 'Cuerda', 'Chicco', '8+'),
(615, 'Balón de futbol americano', 'Tiny Love', '7+'),
(616, 'Balón de futbol', 'Hape', '4+'),
(617, 'Balón de futbol', 'Djeco', '8+'),
(618, 'Balón de voleyball', 'Playgro', '6+'),
(619, 'Pelota de golf', 'Janod', '5+'),
(620, 'Balón de voleyball', 'Fisher-Price', '6+'),
(621, 'Balón de futbol americano', 'Manhattan Toy', '3+'),
(622, 'Bicicleta', 'Manhattan Toy', '3+'),
(623, 'Patineta', 'Little Tikes', '7+'),
(624, 'Patineta', 'TOMY', '6+'),
(625, 'Balón de futbol americano', 'Melissa & Doug', '4+'),
(626, 'Pelota de tennis', 'Chicco', '7+'),
(627, 'Bat de baseball', 'Little Tikes', '5+'),
(628, 'Camioneta infantil', 'VTech', '7+'),
(629, 'Pelota de golf', 'Fat Brain Toys', '4+'),
(630, 'Balón de futbol', 'PlanToys', '4+'),
(631, 'Balón de futbol americano', 'Little Tikes', '5+'),
(632, 'Balón de futbol', 'Janod', '7+'),
(633, 'Balón de futbol', 'VTech', '4+'),
(634, 'Balón de basketball', 'Fat Brain Toys', '5+'),
(635, 'Guante de baseball', 'KidKraft', '3+'),
(636, 'Pista de carros', 'SmartMax', '3+'),
(637, 'Balón de futbol americano', 'Little Tikes', '4+'),
(638, 'Pelota de baseball', 'Hape', '5+'),
(639, 'Canicas', 'Fisher-Price', '6+'),
(640, 'Palo de golf', 'Playgro', '8+'),
(641, 'Balón de futbol americano', 'SmartMax', '8+'),
(642, 'Balón de futbol americano', 'Tiny Love', '6+'),
(643, 'Pelota de golf', 'PlanToys', '8+'),
(644, 'Raqueta de tennis', 'Edushape', '4+'),
(645, 'Patineta', 'Djeco', '3+'),
(646, 'Balón de futbol', 'Melissa & Doug', '7+'),
(647, 'Patines de dos hileras', 'Playgro', '4+'),
(648, 'Patineta', 'Djeco', '8+'),
(649, 'Triciclo', 'Little Tikes', '7+'),
(650, 'Pelota de baseball', 'Fat Brain Toys', '8+'),
(651, 'Balón de voleyball', 'B. Toys', '4+'),
(652, 'Pelota de tennis', 'Djeco', '6+'),
(653, 'Balón de voleyball', 'Bright Starts', '5+'),
(654, 'Pelota de tennis', 'Playgro', '8+'),
(655, 'Pista de carros', 'PlanToys', '7+'),
(656, 'Bat de baseball', 'Playgro', '6+'),
(657, 'Patines de una hilera', 'VTech', '5+'),
(658, 'Patineta', 'TOMY', '8+'),
(659, 'Guante de baseball', 'Bright Starts', '6+'),
(660, 'Raqueta de tennis', 'Tiny Love', '7+'),
(661, 'Guante de baseball', 'Bright Starts', '6+'),
(662, 'Pelota de baseball', 'Bright Starts', '7+'),
(663, 'Cuerda', 'Little Tikes', '4+'),
(664, 'Cuerda', 'TOMY', '7+'),
(665, 'Balón de futbol americano', 'Bright Starts', '5+'),
(666, 'Patines de una hilera', 'Djeco', '3+'),
(667, 'Balón de basketball', 'B. Toys', '7+'),
(668, 'Balón de basketball', 'PlanToys', '4+'),
(669, 'Balón de voleyball', 'Djeco', '4+'),
(670, 'Pelota de tennis', 'KidKraft', '4+'),
(671, 'Patineta', 'Chicco', '8+'),
(672, 'Balón de basketball', 'Chicco', '8+'),
(673, 'Pista de carros', 'Manhattan Toy', '4+'),
(674, 'Pelota de golf', 'PlanToys', '3+'),
(675, 'Pelota de tennis', 'Edushape', '4+'),
(676, 'Pista de carros', 'Little Tikes', '3+'),
(677, 'Pelota de baseball', 'Janod', '3+'),
(678, 'Pista de carros', 'Manhattan Toy', '6+'),
(679, 'Patines de dos hileras', 'Fat Brain Toys', '7+'),
(680, 'Pista de carros', 'Fat Brain Toys', '8+'),
(681, 'Palo de golf', 'Bright Starts', '4+'),
(682, 'Camioneta infantil', 'Djeco', '8+'),
(683, 'Patines de dos hileras', 'Fat Brain Toys', '4+'),
(684, 'Camioneta infantil', 'Manhattan Toy', '7+'),
(685, 'Guante de baseball', 'VTech', '6+'),
(686, 'Raqueta de tennis', 'Edushape', '8+'),
(687, 'Patines de una hilera', 'Hape', '6+'),
(688, 'Raqueta de tennis', 'Tiny Love', '7+'),
(689, 'Pelota de tennis', 'Chicco', '4+'),
(690, 'Patines de una hilera', 'Playgro', '7+'),
(691, 'Cuerda', 'Hape', '8+'),
(692, 'Patineta', 'SmartMax', '3+'),
(693, 'Balón de basketball', 'Fat Brain Toys', '8+'),
(694, 'Balón de voleyball', 'VTech', '7+'),
(695, 'Balón de futbol', 'VTech', '7+'),
(696, 'Pelota de golf', 'Janod', '3+'),
(697, 'Pista de carros', 'Janod', '8+'),
(698, 'Pelota de tennis', 'Melissa & Doug', '3+'),
(699, 'Pelota de tennis', 'TOMY', '4+'),
(700, 'Patines de dos hileras', 'Tiny Love', '7+'),
(701, 'Pista de carros', 'Hape', '7+'),
(702, 'Bicicleta', 'Edushape', '4+'),
(703, 'Patines de una hilera', 'B. Toys', '4+'),
(704, 'Patineta', 'KidKraft', '8+'),
(705, 'Pelota de golf', 'SmartMax', '3+'),
(706, 'Guante de baseball', 'Manhattan Toy', '3+'),
(707, 'Raqueta de tennis', 'Hape', '7+'),
(708, 'Camioneta infantil', 'PlanToys', '4+'),
(709, 'Balón de futbol', 'Janod', '3+'),
(710, 'Raqueta de tennis', 'Melissa & Doug', '7+'),
(711, 'Canicas', 'SmartMax', '6+'),
(712, 'Balón de futbol americano', 'Fisher-Price', '6+'),
(713, 'Palo de golf', 'Janod', '5+'),
(714, 'Patines de dos hileras', 'KidKraft', '5+'),
(715, 'Patines de una hilera', 'Janod', '8+'),
(716, 'Palo de golf', 'B. Toys', '7+'),
(717, 'Patineta', 'Melissa & Doug', '4+'),
(718, 'Balón de futbol', 'Playgro', '8+'),
(719, 'Camioneta infantil', 'Tiny Love', '4+'),
(720, 'Balón de basketball', 'Edushape', '4+'),
(721, 'Palo de golf', 'Tiny Love', '7+'),
(722, 'Bicicleta', 'B. Toys', '3+'),
(723, 'Pelota de tennis', 'Playgro', '7+'),
(724, 'Balón de futbol americano', 'Chicco', '4+'),
(725, 'Camioneta infantil', 'Fat Brain Toys', '6+'),
(726, 'Bicicleta', 'Chicco', '3+'),
(727, 'Guante de baseball', 'VTech', '5+'),
(728, 'Pelota de baseball', 'SmartMax', '4+'),
(729, 'Pelota de baseball', 'Chicco', '5+'),
(730, 'Pelota de golf', 'Tiny Love', '3+'),
(731, 'Canicas', 'Fisher-Price', '8+'),
(732, 'Balón de basketball', 'Hape', '8+'),
(733, 'Balón de futbol americano', 'Janod', '3+'),
(734, 'Balón de basketball', 'SmartMax', '8+'),
(735, 'Triciclo', 'Janod', '7+'),
(736, 'Camioneta infantil', 'Bright Starts', '3+'),
(737, 'Balón de voleyball', 'TOMY', '7+'),
(738, 'Raqueta de tennis', 'Little Tikes', '5+'),
(739, 'Palo de golf', 'B. Toys', '3+'),
(740, 'Balón de futbol americano', 'PlanToys', '5+'),
(741, 'Canicas', 'Manhattan Toy', '4+'),
(742, 'Pista de carros', 'TOMY', '8+'),
(743, 'Pelota de tennis', 'Manhattan Toy', '5+'),
(744, 'Pista de carros', 'Little Tikes', '3+'),
(745, 'Pista de carros', 'Edushape', '8+'),
(746, 'Raqueta de tennis', 'Fisher-Price', '6+'),
(747, 'Balón de futbol', 'Melissa & Doug', '4+'),
(748, 'Pista de carros', 'Djeco', '4+'),
(749, 'Patineta', 'KidKraft', '7+'),
(750, 'Pista de carros', 'Djeco', '8+'),
(751, 'Balón de basketball', 'Janod', '5+'),
(752, 'Canicas', 'Djeco', '6+'),
(753, 'Balón de basketball', 'Manhattan Toy', '7+'),
(754, 'Pista de carros', 'Djeco', '3+'),
(755, 'Raqueta de tennis', 'Edushape', '5+'),
(756, 'Patineta', 'SmartMax', '3+'),
(757, 'Balón de futbol americano', 'Hape', '8+'),
(758, 'Palo de golf', 'SmartMax', '3+'),
(759, 'Patines de dos hileras', 'Manhattan Toy', '5+'),
(760, 'Pelota de tennis', 'Playgro', '5+'),
(761, 'Triciclo', 'TOMY', '4+'),
(762, 'Camioneta infantil', 'Hape', '6+'),
(763, 'Balón de voleyball', 'Edushape', '6+'),
(764, 'Pelota de golf', 'Tiny Love', '8+'),
(765, 'Cuerda', 'PlanToys', '5+'),
(766, 'Patines de dos hileras', 'Bright Starts', '3+'),
(767, 'Guante de baseball', 'VTech', '4+'),
(768, 'Balón de futbol americano', 'Hape', '4+'),
(769, 'Patines de dos hileras', 'VTech', '4+'),
(770, 'Pista de carros', 'Playgro', '8+'),
(771, 'Patineta', 'Chicco', '4+'),
(772, 'Patines de dos hileras', 'Chicco', '4+'),
(773, 'Patines de dos hileras', 'KidKraft', '6+'),
(774, 'Balón de basketball', 'KidKraft', '4+'),
(775, 'Pelota de baseball', 'Janod', '6+'),
(776, 'Guante de baseball', 'KidKraft', '7+'),
(777, 'Bat de baseball', 'TOMY', '3+'),
(778, 'Cuerda', 'Manhattan Toy', '6+'),
(779, 'Canicas', 'Tiny Love', '3+'),
(780, 'Bat de baseball', 'Fat Brain Toys', '4+'),
(781, 'Cuerda', 'Tiny Love', '5+'),
(782, 'Camioneta infantil', 'Janod', '5+'),
(783, 'Balón de basketball', 'Fat Brain Toys', '5+'),
(784, 'Palo de golf', 'VTech', '7+'),
(785, 'Bat de baseball', 'VTech', '8+'),
(786, 'Pelota de tennis', 'SmartMax', '3+'),
(787, 'Camioneta infantil', 'Chicco', '6+'),
(788, 'Camioneta infantil', 'Janod', '8+'),
(789, 'Canicas', 'Manhattan Toy', '5+'),
(790, 'Camioneta infantil', 'TOMY', '5+'),
(791, 'Cuerda', 'PlanToys', '6+'),
(792, 'Patines de dos hileras', 'Little Tikes', '3+'),
(793, 'Pelota de tennis', 'Little Tikes', '3+'),
(794, 'Bicicleta', 'SmartMax', '8+'),
(795, 'Canicas', 'KidKraft', '4+'),
(796, 'Patines de una hilera', 'B. Toys', '4+'),
(797, 'Palo de golf', 'Fat Brain Toys', '8+'),
(798, 'Bicicleta', 'PlanToys', '5+'),
(799, 'Patineta', 'Fat Brain Toys', '5+'),
(800, 'Pelota de tennis', 'KidKraft', '6+');


-- Tabla ‘Afectividad’

INSERT INTO afectividad (id_juguete,nombre_af,marca_af,rango_edad_af)
VALUES 

(801, 'Peluche "Animales Exóticos"', 'HK TOYS', '11+'),
(802, 'Muñeca "Sirena colores mágicos"', 'Namco', '6+'),
(803, 'Osito "Jerry"', 'HK TOYS', '7+'),
(804, 'Osito "Jerry"', 'Bang Bang Toys', '9+'),
(805, 'Muñeca Doctora', 'Uzi', '9+'),
(806, 'Kit Mascota Veterinario', 'Nenuco', '6+'),
(807, 'Granja de ponys', 'HK TOYS', '7+'),
(808, 'Peluche Gato', 'Nenuco', '10+'),
(809, 'Juguete "Mi primera mascota"', 'MATTEL', '10+'),
(810, 'Dinosaurio Parlante', 'Famosa', '7+'),
(811, 'Princesa con accesorios', 'Bang Bang Toys', '9+'),
(812, 'Juguete "Mi primera mascota"', 'Uzi', '6+'),
(813, 'Figura de acción SW', 'Bang Bang Toys', '8+'),
(814, 'Muñeca "Sirena colores mágicos"', 'Namco', '11+'),
(815, 'Princesa con accesorios', 'Dinoco', '7+'),
(816, 'Figura de acción SW', 'MLP', '12+'),
(817, 'Set de princesas con carroza', 'Barbie', '12+'),
(818, 'Princesa con accesorios', 'Marvel', '12+'),
(819, 'Muñeca "Baila Conmigo"', 'Famosa', '12+'),
(820, 'Figura de acción Superhéroe', 'Skinny Love', '9+'),
(821, 'Osito "Jerry"', 'Hasbro', '9+'),
(822, 'Figura de acción SW', 'Dinoco', '11+'),
(823, 'Bebé "Día de campo"', 'Chicco', '9+'),
(824, 'Bebé "Día de campo"', 'Famosa', '6+'),
(825, 'Dinosaurio Parlante', 'Dinoco', '7+'),
(826, 'Muñeca Doctora', 'LEGO', '10+'),
(827, 'Muñeca "Baila Conmigo"', 'JT TOYS', '8+'),
(828, 'Figura de acción SW', 'Famosa', '8+'),
(829, 'Bebé "Día de campo"', 'Dinoco', '11+'),
(830, 'Peluche Gato', 'Marvel', '11+'),
(831, 'Osito "Jerry"', 'TOYMARK', '10+'),
(832, 'Granja de ponys', 'VTech', '12+'),
(833, 'Princesa con accesorios', 'TOYMARK', '6+'),
(834, 'Peluche Gato', 'Marvel', '10+'),
(835, 'Figura de acción Superhéroe', 'Marvel', '11+'),
(836, 'Osito "Teddy"', 'Marvel', '6+'),
(837, 'Muñeca "Sirena colores mágicos"', 'Famosa', '8+'),
(838, 'Osito "Teddy"', 'Chicco', '10+'),
(839, 'Dinosaurio Lámpara', 'Uzi', '8+'),
(840, 'Granja de ponys', 'Famosa', '8+'),
(841, 'Muñeca "Canta conmigo"', 'VTech', '12+'),
(842, 'Muñeca "Canta conmigo"', 'Dinoco', '9+'),
(843, 'Set de princesas con carroza', 'LEGO', '6+'),
(844, 'Princesa con accesorios', 'Namco', '7+'),
(845, 'Dinosaurio Lámpara', 'Famosa', '7+'),
(846, 'Peluche "Animales Exóticos"', 'Hasbro', '12+'),
(847, 'Kit Mascota Veterinario', 'Hasbro', '9+'),
(848, 'Osito "Jerry"', 'Namco', '9+'),
(849, 'Dinosaurio Parlante', 'Uzi', '7+'),
(850, 'Muñeca "Sirena colores mágicos"', 'Nenuco', '9+'),
(851, 'Muñeca Doctora', 'VTech', '9+'),
(852, 'Osito "Teddy"', 'JT TOYS', '11+'),
(853, 'Muñeca Doctora', 'Nenuco', '11+'),
(854, 'Figura de acción Superhéroe', 'Bandai', '11+'),
(855, 'Muñeca "Sirena colores mágicos"', 'Hasbro', '6+'),
(856, 'Muñeca Doctora', 'Marvel', '6+'),
(857, 'Peluche "Animales Exóticos"', 'HK TOYS', '6+'),
(858, 'Juguete "Mi primera mascota"', 'Bandai', '12+'),
(859, 'Osito "Teddy"', 'Namco', '9+'),
(860, 'Osito "Teddy"', 'Uzi', '10+'),
(861, 'Princesa con accesorios', 'Barbie', '9+'),
(862, 'Osito "Teddy"', 'Namco', '12+'),
(863, 'Kit Mascota Veterinario', 'Hasbro', '8+'),
(864, 'Muñeca Doctora', 'LEGO', '8+'),
(865, 'Osito "Teddy"', 'TOYMARK', '6+'),
(866, 'Bebé "Día de campo"', 'Nenuco', '11+'),
(867, 'Muñeca Doctora', 'Nenuco', '7+'),
(868, 'Osito "Jerry"', 'LEGO', '8+'),
(869, 'Juguete "Mi primera mascota"', 'Chicco', '7+'),
(870, 'Dinosaurio Parlante', 'Famosa', '12+'),
(871, 'Peluche Gato', 'Bang Bang Toys', '8+'),
(872, 'Muñeca Doctora', 'Chicco', '10+'),
(873, 'Peluche Gato', 'Bang Bang Toys', '12+'),
(874, 'Granja de ponys', 'Chicco', '8+'),
(875, 'Osito "Jerry"', 'HK TOYS', '11+'),
(876, 'Peluche Gato', 'Chicco', '10+'),
(877, 'Osito "Jerry"', 'Nenuco', '12+'),
(878, 'Figura de acción SW', 'Uzi', '9+'),
(879, 'Princesa con accesorios', 'JT TOYS', '11+'),
(880, 'Osito "Teddy"', 'LEGO', '9+'),
(881, 'Figura de acción SW', 'Hasbro', '12+'),
(882, 'Juguete "Mi primera mascota"', 'VTech', '8+'),
(883, 'Princesa con accesorios', 'HK TOYS', '12+'),
(884, 'Muñeca Doctora', 'Bandai', '7+'),
(885, 'Dinosaurio Parlante', 'LEGO', '7+'),
(886, 'Peluche "Animales Exóticos"', 'Uzi', '12+'),
(887, 'Figura de acción SW', 'Nenuco', '10+'),
(888, 'Bebé "Día de campo"', 'VTech', '11+'),
(889, 'Princesa con accesorios', 'Famosa', '8+'),
(890, 'Muñeca Doctora', 'Uzi', '8+'),
(891, 'Figura de acción Superhéroe', 'MATTEL', '7+'),
(892, 'Muñeca "Sirena colores mágicos"', 'Skinny Love', '7+'),
(893, 'Muñeca "Canta conmigo"', 'Nenuco', '8+'),
(894, 'Muñeca Doctora', 'Bandai', '11+'),
(895, 'Muñeca Doctora', 'TOYMARK', '8+'),
(896, 'Dinosaurio Lámpara', 'Uzi', '7+'),
(897, 'Muñeca Doctora', 'Namco', '8+'),
(898, 'Osito "Teddy"', 'Chicco', '6+'),
(899, 'Dinosaurio Lámpara', 'TOYMARK', '9+'),
(900, 'Osito "Jerry"', 'JT TOYS', '10+'),
(901, 'Figura de acción SW', 'Chicco', '12+'),
(902, 'Bebé "Día de campo"', 'LEGO', '8+'),
(903, 'Muñeca "Sirena colores mágicos"', 'Barbie', '10+'),
(904, 'Granja de ponys', 'TOYMARK', '7+'),
(905, 'Granja de ponys', 'Namco', '7+'),
(906, 'Juguete "Mi primera mascota"', 'MLP', '12+'),
(907, 'Muñeca "Sirena colores mágicos"', 'Marvel', '7+'),
(908, 'Peluche Gato', 'Hasbro', '9+'),
(909, 'Peluche Gato', 'Hasbro', '7+'),
(910, 'Bebé "Día de campo"', 'LEGO', '6+'),
(911, 'Granja de ponys', 'Dinoco', '11+'),
(912, 'Princesa con accesorios', 'VTech', '8+'),
(913, 'Bebé "Día de campo"', 'TOYMARK', '10+'),
(914, 'Muñeca Doctora', 'MATTEL', '6+'),
(915, 'Peluche Gato', 'MATTEL', '8+'),
(916, 'Dinosaurio Parlante', 'MATTEL', '7+'),
(917, 'Muñeca "Canta conmigo"', 'MATTEL', '7+'),
(918, 'Muñeca Doctora', 'Dinoco', '6+'),
(919, 'Granja de ponys', 'Dinoco', '11+'),
(920, 'Kit Mascota Veterinario', 'Dinoco', '10+'),
(921, 'Osito "Jerry"', 'TOYMARK', '11+'),
(922, 'Peluche Gato', 'Dinoco', '11+'),
(923, 'Muñeca Doctora', 'Nenuco', '12+'),
(924, 'Juguete "Mi primera mascota"', 'Bandai', '12+'),
(925, 'Figura de acción SW', 'Nenuco', '12+'),
(926, 'Muñeca Doctora', 'Nenuco', '6+'),
(927, 'Figura de acción Superhéroe', 'Famosa', '11+'),
(928, 'Dinosaurio Lámpara', 'Bang Bang Toys', '7+'),
(929, 'Kit Mascota Veterinario', 'JT TOYS', '11+'),
(930, 'Kit Mascota Veterinario', 'LEGO', '9+'),
(931, 'Juguete "Mi primera mascota"', 'Dinoco', '10+'),
(932, 'Osito "Jerry"', 'MATTEL', '7+'),
(933, 'Figura de acción Superhéroe', 'Marvel', '6+'),
(934, 'Muñeca "Baila Conmigo"', 'Chicco', '7+'),
(935, 'Muñeca "Baila Conmigo"', 'MLP', '11+'),
(936, 'Muñeca "Sirena colores mágicos"', 'MLP', '10+'),
(937, 'Peluche "Animales Exóticos"', 'MATTEL', '7+'),
(938, 'Figura de acción SW', 'MLP', '12+'),
(939, 'Princesa con accesorios', 'Chicco', '8+'),
(940, 'Juguete "Mi primera mascota"', 'Bandai', '12+'),
(941, 'Muñeca "Canta conmigo"', 'LEGO', '11+'),
(942, 'Figura de acción SW', 'Chicco', '8+'),
(943, 'Muñeca Doctora', 'Bang Bang Toys', '10+'),
(944, 'Dinosaurio Lámpara', 'HK TOYS', '10+'),
(945, 'Muñeca "Baila Conmigo"', 'HK TOYS', '11+'),
(946, 'Muñeca "Baila Conmigo"', 'Famosa', '8+'),
(947, 'Figura de acción Superhéroe', 'HK TOYS', '7+'),
(948, 'Dinosaurio Parlante', 'MLP', '11+'),
(949, 'Dinosaurio Lámpara', 'Barbie', '8+'),
(950, 'Peluche "Animales Exóticos"', 'Barbie', '8+'),
(951, 'Princesa con accesorios', 'Marvel', '6+'),
(952, 'Osito "Jerry"', 'Marvel', '11+'),
(953, 'Princesa con accesorios', 'Chicco', '8+'),
(954, 'Juguete "Mi primera mascota"', 'Dinoco', '12+'),
(955, 'Peluche Gato', 'MLP', '7+'),
(956, 'Kit Mascota Veterinario', 'Uzi', '9+'),
(957, 'Peluche Gato', 'Chicco', '7+'),
(958, 'Muñeca Doctora', 'Chicco', '9+'),
(959, 'Set de princesas con carroza', 'Nenuco', '11+'),
(960, 'Muñeca "Canta conmigo"', 'Famosa', '10+'),
(961, 'Dinosaurio Lámpara', 'Famosa', '7+'),
(962, 'Peluche "Animales Exóticos"', 'MLP', '11+'),
(963, 'Bebé "Día de campo"', 'MLP', '8+'),
(964, 'Bebé "Día de campo"', 'LEGO', '10+'),
(965, 'Figura de acción Superhéroe', 'TOYMARK', '7+'),
(966, 'Granja de ponys', 'Bang Bang Toys', '9+'),
(967, 'Dinosaurio Lámpara', 'MATTEL', '7+'),
(968, 'Bebé "Día de campo"', 'HK TOYS', '11+'),
(969, 'Dinosaurio Parlante', 'Nenuco', '8+'),
(970, 'Peluche "Animales Exóticos"', 'Famosa', '7+'),
(971, 'Juguete "Mi primera mascota"', 'Namco', '6+'),
(972, 'Figura de acción SW', 'Famosa', '11+'),
(973, 'Figura de acción Superhéroe', 'Barbie', '7+'),
(974, 'Osito "Jerry"', 'MLP', '11+'),
(975, 'Muñeca "Canta conmigo"', 'Marvel', '9+'),
(976, 'Peluche Gato', 'Hasbro', '8+'),
(977, 'Kit Mascota Veterinario', 'Bandai', '6+'),
(978, 'Kit Mascota Veterinario', 'Bandai', '9+'),
(979, 'Dinosaurio Lámpara', 'Hasbro', '7+'),
(980, 'Dinosaurio Lámpara', 'HK TOYS', '9+'),
(981, 'Muñeca "Sirena colores mágicos"', 'Chicco', '12+'),
(982, 'Juguete "Mi primera mascota"', 'TOYMARK', '6+'),
(983, 'Princesa con accesorios', 'Chicco', '6+'),
(984, 'Osito "Teddy"', 'VTech', '6+'),
(985, 'Osito "Jerry"', 'MLP', '7+'),
(986, 'Set de princesas con carroza', 'Bandai', '9+'),
(987, 'Muñeca "Canta conmigo"', 'Uzi', '8+'),
(988, 'Granja de ponys', 'Barbie', '10+'),
(989, 'Set de princesas con carroza', 'HK TOYS', '12+'),
(990, 'Muñeca Doctora', 'Bang Bang Toys', '11+'),
(991, 'Peluche Gato', 'Barbie', '10+'),
(992, 'Muñeca "Sirena colores mágicos"', 'HK TOYS', '10+'),
(993, 'Muñeca "Baila Conmigo"', 'Barbie', '10+'),
(994, 'Peluche "Animales Exóticos"', 'JT TOYS', '12+'),
(995, 'Osito "Teddy"', 'HK TOYS', '12+'),
(996, 'Muñeca "Sirena colores mágicos"', 'Uzi', '6+'),
(997, 'Muñeca "Canta conmigo"', 'Skinny Love', '12+'),
(998, 'Set de princesas con carroza', 'LEGO', '7+'),
(999, 'Muñeca "Baila Conmigo"', 'HK TOYS', '9+'),
(1000, 'Juguete "Mi primera mascota"', 'MATTEL', '12+');
